"Device UUID","Device Name","User Name","Organization Group","Policy Setting","Compliance Status","Policy","Policy Path"
"c6ea923b-57bf-4159-9ba4-2aaeb344b2bd","DESKTOP-120LONF","omnissans.local\philtest1","NCEE","Enabled","NonCompliant","Account lockout duration","Computer Configuration/Windows Settings/Security Settings/Account Policies/Account Lockout Policy"
"056a8277-0729-4975-a1df-fe1cf363c437","DESKTOP-O2445N2","omnissans.local\philtest1","CIS-3M","Enabled","NotAvailable","NetBT NodeType configuration","Computer Configuration/Administrative Templates/MS Security Guide"
"056a8277-0729-4975-a1df-fe1cf363c437","DESKTOP-O2445N2","omnissans.local\philtest1","CIS-3M","Enabled","NotAvailable","Navigate windows and frames across different domains","Computer Configuration/Administrative Templates/Windows Components/Internet Explorer/Internet Control Panel/Security Page/Restricted Sites Zone"
"056a8277-0729-4975-a1df-fe1cf363c437","DESKTOP-O2445N2","omnissans.local\philtest1","CIS-3M","Enabled","NotAvailable","Navigate windows and frames across different domains","Computer Configuration/Administrative Templates/Windows Components/Internet Explorer/Internet Control Panel/Security Page/Internet Zone"
"056a8277-0729-4975-a1df-fe1cf363c437","DESKTOP-O2445N2","omnissans.local\philtest1","CIS-3M","Enabled","NotAvailable","MSS: (NoNameReleaseOnDemand) Allow the computer to ignore NetBIOS name release requests except from WINS servers","Computer Configuration/Administrative Templates/MSS (Legacy)"
"056a8277-0729-4975-a1df-fe1cf363c437","DESKTOP-O2445N2","omnissans.local\philtest1","CIS-3M","Disabled","NotAvailable","MSS: (EnableICMPRedirect) Allow ICMP redirects to override OSPF generated routes","Computer Configuration/Administrative Templates/MSS (Legacy)"
"056a8277-0729-4975-a1df-fe1cf363c437","DESKTOP-O2445N2","omnissans.local\philtest1","CIS-3M","Enabled","NotAvailable","MSS: (DisableIPSourceRouting) IP source routing protection level","Computer Configuration/Administrative Templates/MSS (Legacy)"
"056a8277-0729-4975-a1df-fe1cf363c437","DESKTOP-O2445N2","omnissans.local\philtest1","CIS-3M","Enabled","NotAvailable","MSS: (DisableIPSourceRouting IPv6) IP source routing protection level","Computer Configuration/Administrative Templates/MSS (Legacy)"
"056a8277-0729-4975-a1df-fe1cf363c437","DESKTOP-O2445N2","omnissans.local\philtest1","CIS-3M","Enabled","NotAvailable","Monitor file and program activity on your computer","Computer Configuration/Administrative Templates/Windows Components/Microsoft Defender Antivirus/Real-time Protection"
"056a8277-0729-4975-a1df-fe1cf363c437","DESKTOP-O2445N2","omnissans.local\philtest1","CIS-3M","Disabled","NotAvailable","Network access: Allow anonymous SID/Name translation","Computer Configuration/Windows Settings/Security Settings/Local Policies/Security Options"
"056a8277-0729-4975-a1df-fe1cf363c437","DESKTOP-O2445N2","omnissans.local\philtest1","CIS-3M","Enabled","NotAvailable","Modify firmware environment values","Computer Configuration/Windows Settings/Security Settings/Local Policies/User Rights Assignment"
"056a8277-0729-4975-a1df-fe1cf363c437","DESKTOP-O2445N2","omnissans.local\philtest1","CIS-3M","Enabled","NotAvailable","Microsoft network server: Digitally sign communications (always)","Computer Configuration/Windows Settings/Security Settings/Local Policies/Security Options"
"056a8277-0729-4975-a1df-fe1cf363c437","DESKTOP-O2445N2","omnissans.local\philtest1","CIS-3M","Disabled","NotAvailable","Microsoft network client: Send unencrypted password to third-party SMB servers","Computer Configuration/Windows Settings/Security Settings/Local Policies/Security Options"
"056a8277-0729-4975-a1df-fe1cf363c437","DESKTOP-O2445N2","omnissans.local\philtest1","CIS-3M","Enabled","NotAvailable","Microsoft network client: Digitally sign communications (always)","Computer Configuration/Windows Settings/Security Settings/Local Policies/Security Options"
"056a8277-0729-4975-a1df-fe1cf363c437","DESKTOP-O2445N2","omnissans.local\philtest1","CIS-3M","Enabled","NotAvailable","Mandate the minimum version of SMB","Computer Configuration/Administrative Templates/Network/Lanman Workstation"
"056a8277-0729-4975-a1df-fe1cf363c437","DESKTOP-O2445N2","omnissans.local\philtest1","CIS-3M","Enabled","NotAvailable","Mandate the minimum version of SMB","Computer Configuration/Administrative Templates/Network/Lanman Server"
"056a8277-0729-4975-a1df-fe1cf363c437","DESKTOP-O2445N2","omnissans.local\philtest1","CIS-3M","Enabled","NotAvailable","Mandate the maximum version of SMB","Computer Configuration/Administrative Templates/Network/Lanman Workstation"
"056a8277-0729-4975-a1df-fe1cf363c437","DESKTOP-O2445N2","omnissans.local\philtest1","CIS-3M","Enabled","NotAvailable","Mandate the maximum version of SMB","Computer Configuration/Administrative Templates/Network/Lanman Server"
"056a8277-0729-4975-a1df-fe1cf363c437","DESKTOP-O2445N2","omnissans.local\philtest1","CIS-3M","Enabled","NotAvailable","Manage processing of Queue-specific files","Computer Configuration/Administrative Templates/Printers"
"056a8277-0729-4975-a1df-fe1cf363c437","DESKTOP-O2445N2","omnissans.local\philtest1","CIS-3M","Enabled","NotAvailable","Minimum password length","Computer Configuration/Windows Settings/Security Settings/Account Policies/Password Policy"
"056a8277-0729-4975-a1df-fe1cf363c437","DESKTOP-O2445N2","omnissans.local\philtest1","CIS-3M","Enabled","NotAvailable","Network access: Do not allow anonymous enumeration of SAM accounts","Computer Configuration/Windows Settings/Security Settings/Local Policies/Security Options"
"056a8277-0729-4975-a1df-fe1cf363c437","DESKTOP-O2445N2","omnissans.local\philtest1","CIS-3M","Enabled","NotAvailable","Network access: Do not allow anonymous enumeration of SAM accounts and shares","Computer Configuration/Windows Settings/Security Settings/Local Policies/Security Options"
"056a8277-0729-4975-a1df-fe1cf363c437","DESKTOP-O2445N2","omnissans.local\philtest1","CIS-3M","Enabled","NotAvailable","Network access: Restrict anonymous access to Named Pipes and Shares","Computer Configuration/Windows Settings/Security Settings/Local Policies/Security Options"
"056a8277-0729-4975-a1df-fe1cf363c437","DESKTOP-O2445N2","omnissans.local\philtest1","CIS-3M","Enabled","NotAvailable","Prevent managing SmartScreen Filter","Computer Configuration/Administrative Templates/Windows Components/Internet Explorer"
"056a8277-0729-4975-a1df-fe1cf363c437","DESKTOP-O2445N2","omnissans.local\philtest1","CIS-3M","Enabled","NotAvailable","Prevent installation of devices using drivers that match these device setup classes","Computer Configuration/Administrative Templates/System/Device Installation/Device Installation Restrictions"
"056a8277-0729-4975-a1df-fe1cf363c437","DESKTOP-O2445N2","omnissans.local\philtest1","CIS-3M","Enabled","NotAvailable","Prevent ignoring certificate errors","Computer Configuration/Administrative Templates/Windows Components/Internet Explorer/Internet Control Panel"
"056a8277-0729-4975-a1df-fe1cf363c437","DESKTOP-O2445N2","omnissans.local\philtest1","CIS-3M","Enabled","NotAvailable","Prevent enabling lock screen slide show","Computer Configuration/Administrative Templates/Control Panel/Personalization"
"056a8277-0729-4975-a1df-fe1cf363c437","DESKTOP-O2445N2","omnissans.local\philtest1","CIS-3M","Enabled","NotAvailable","Prevent enabling lock screen camera","Computer Configuration/Administrative Templates/Control Panel/Personalization"
"056a8277-0729-4975-a1df-fe1cf363c437","DESKTOP-O2445N2","omnissans.local\philtest1","CIS-3M","Enabled","NotAvailable","Prevent downloading of enclosures","Computer Configuration/Administrative Templates/Windows Components/RSS Feeds"
"056a8277-0729-4975-a1df-fe1cf363c437","DESKTOP-O2445N2","omnissans.local\philtest1","CIS-3M","Enabled","NotAvailable","Prevent bypassing SmartScreen Filter warnings about files that are not commonly downloaded from the Internet","Computer Configuration/Administrative Templates/Windows Components/Internet Explorer"
"056a8277-0729-4975-a1df-fe1cf363c437","DESKTOP-O2445N2","omnissans.local\philtest1","CIS-3M","Enabled","NotAvailable","Prevent bypassing SmartScreen Filter warnings","Computer Configuration/Administrative Templates/Windows Components/Internet Explorer"
"056a8277-0729-4975-a1df-fe1cf363c437","DESKTOP-O2445N2","omnissans.local\philtest1","CIS-3M","Enabled","NotAvailable","Perform volume maintenance tasks","Computer Configuration/Windows Settings/Security Settings/Local Policies/User Rights Assignment"
"056a8277-0729-4975-a1df-fe1cf363c437","DESKTOP-O2445N2","omnissans.local\philtest1","CIS-3M","Enabled","NotAvailable","Password must meet complexity requirements","Computer Configuration/Windows Settings/Security Settings/Account Policies/Password Policy"
"056a8277-0729-4975-a1df-fe1cf363c437","DESKTOP-O2445N2","omnissans.local\philtest1","CIS-3M","Enabled","NotAvailable","Notify Unsafe App","Computer Configuration/Administrative Templates/Windows Components/Windows Defender SmartScreen/Enhanced Phishing Protection"
"056a8277-0729-4975-a1df-fe1cf363c437","DESKTOP-O2445N2","omnissans.local\philtest1","CIS-3M","Enabled","NotAvailable","Notify Password Reuse","Computer Configuration/Administrative Templates/Windows Components/Windows Defender SmartScreen/Enhanced Phishing Protection"
"056a8277-0729-4975-a1df-fe1cf363c437","DESKTOP-O2445N2","omnissans.local\philtest1","CIS-3M","Enabled","NotAvailable","Notify Malicious","Computer Configuration/Administrative Templates/Windows Components/Windows Defender SmartScreen/Enhanced Phishing Protection"
"056a8277-0729-4975-a1df-fe1cf363c437","DESKTOP-O2445N2","omnissans.local\philtest1","CIS-3M","Enabled","NotAvailable","Network security: Minimum session security for NTLM SSP based (including secure RPC) servers","Computer Configuration/Windows Settings/Security Settings/Local Policies/Security Options"
"056a8277-0729-4975-a1df-fe1cf363c437","DESKTOP-O2445N2","omnissans.local\philtest1","CIS-3M","Enabled","NotAvailable","Network security: Minimum session security for NTLM SSP based (including secure RPC) clients","Computer Configuration/Windows Settings/Security Settings/Local Policies/Security Options"
"056a8277-0729-4975-a1df-fe1cf363c437","DESKTOP-O2445N2","omnissans.local\philtest1","CIS-3M","Enabled","NotAvailable","Network security: LDAP client signing requirements","Computer Configuration/Windows Settings/Security Settings/Local Policies/Security Options"
"056a8277-0729-4975-a1df-fe1cf363c437","DESKTOP-O2445N2","omnissans.local\philtest1","CIS-3M","Enabled","NotAvailable","Network security: LAN Manager authentication level","Computer Configuration/Windows Settings/Security Settings/Local Policies/Security Options"
"056a8277-0729-4975-a1df-fe1cf363c437","DESKTOP-O2445N2","omnissans.local\philtest1","CIS-3M","Disabled","NotAvailable","Network security: Allow LocalSystem NULL session fallback","Computer Configuration/Windows Settings/Security Settings/Local Policies/Security Options"
"056a8277-0729-4975-a1df-fe1cf363c437","DESKTOP-O2445N2","omnissans.local\philtest1","CIS-3M","Enabled","NotAvailable","Network access: Restrict clients allowed to make remote calls to SAM","Computer Configuration/Windows Settings/Security Settings/Local Policies/Security Options"
"056a8277-0729-4975-a1df-fe1cf363c437","DESKTOP-O2445N2","omnissans.local\philtest1","CIS-3M","Enabled","NotAvailable","Manage auditing and security log","Computer Configuration/Windows Settings/Security Settings/Local Policies/User Rights Assignment"
"056a8277-0729-4975-a1df-fe1cf363c437","DESKTOP-O2445N2","omnissans.local\philtest1","CIS-3M","Enabled","NotAvailable","Prevent per-user installation of ActiveX controls","Computer Configuration/Administrative Templates/Windows Components/Internet Explorer"
"056a8277-0729-4975-a1df-fe1cf363c437","DESKTOP-O2445N2","omnissans.local\philtest1","CIS-3M","Enabled","NotAvailable","LSA Protection","Computer Configuration/Administrative Templates/MS Security Guide"
"056a8277-0729-4975-a1df-fe1cf363c437","DESKTOP-O2445N2","omnissans.local\philtest1","CIS-3M","Enabled","NotAvailable","Logon options","Computer Configuration/Administrative Templates/Windows Components/Internet Explorer/Internet Control Panel/Security Page/Internet Zone"
"056a8277-0729-4975-a1df-fe1cf363c437","DESKTOP-O2445N2","omnissans.local\philtest1","CIS-3M","Enabled","NotAvailable","Internet Explorer Processes","Computer Configuration/Administrative Templates/Windows Components/Internet Explorer/Security Features/Mime Sniffing Safety Feature"
"056a8277-0729-4975-a1df-fe1cf363c437","DESKTOP-O2445N2","omnissans.local\philtest1","CIS-3M","Enabled","NotAvailable","Internet Explorer Processes","Computer Configuration/Administrative Templates/Windows Components/Internet Explorer/Security Features/Consistent Mime Handling"
"056a8277-0729-4975-a1df-fe1cf363c437","DESKTOP-O2445N2","omnissans.local\philtest1","CIS-3M","Enabled","NotAvailable","Interactive logon: Smart card removal behavior","Computer Configuration/Windows Settings/Security Settings/Local Policies/Security Options"
"056a8277-0729-4975-a1df-fe1cf363c437","DESKTOP-O2445N2","omnissans.local\philtest1","CIS-3M","Enabled","NotAvailable","Interactive logon: Machine inactivity limit","Computer Configuration/Windows Settings/Security Settings/Local Policies/Security Options"
"056a8277-0729-4975-a1df-fe1cf363c437","DESKTOP-O2445N2","omnissans.local\philtest1","CIS-3M","Enabled","NotAvailable","Initialize and script ActiveX controls not marked as safe","Computer Configuration/Administrative Templates/Windows Components/Internet Explorer/Internet Control Panel/Security Page/Trusted Sites Zone"
"056a8277-0729-4975-a1df-fe1cf363c437","DESKTOP-O2445N2","omnissans.local\philtest1","CIS-3M","Enabled","NotAvailable","Initialize and script ActiveX controls not marked as safe","Computer Configuration/Administrative Templates/Windows Components/Internet Explorer/Internet Control Panel/Security Page/Restricted Sites Zone"
"056a8277-0729-4975-a1df-fe1cf363c437","DESKTOP-O2445N2","omnissans.local\philtest1","CIS-3M","Enabled","NotAvailable","Initialize and script ActiveX controls not marked as safe","Computer Configuration/Administrative Templates/Windows Components/Internet Explorer/Internet Control Panel/Security Page/Intranet Zone"
"056a8277-0729-4975-a1df-fe1cf363c437","DESKTOP-O2445N2","omnissans.local\philtest1","CIS-3M","Enabled","NotAvailable","Initialize and script ActiveX controls not marked as safe","Computer Configuration/Administrative Templates/Windows Components/Internet Explorer/Internet Control Panel/Security Page/Internet Zone"
"056a8277-0729-4975-a1df-fe1cf363c437","DESKTOP-O2445N2","omnissans.local\philtest1","CIS-3M","Enabled","NotAvailable","Internet Explorer Processes","Computer Configuration/Administrative Templates/Windows Components/Internet Explorer/Security Features/MK Protocol Security Restriction"
"056a8277-0729-4975-a1df-fe1cf363c437","DESKTOP-O2445N2","omnissans.local\philtest1","CIS-3M","Enabled","NotAvailable","Include local path when user is uploading files to a server","Computer Configuration/Administrative Templates/Windows Components/Internet Explorer/Internet Control Panel/Security Page/Restricted Sites Zone"
"056a8277-0729-4975-a1df-fe1cf363c437","DESKTOP-O2445N2","omnissans.local\philtest1","CIS-3M","Enabled","NotAvailable","Include command line in process creation events","Computer Configuration/Administrative Templates/System/Audit Process Creation"
"056a8277-0729-4975-a1df-fe1cf363c437","DESKTOP-O2445N2","omnissans.local\philtest1","CIS-3M","Enabled","NotAvailable","Impersonate a client after authentication","Computer Configuration/Windows Settings/Security Settings/Local Policies/User Rights Assignment"
"056a8277-0729-4975-a1df-fe1cf363c437","DESKTOP-O2445N2","omnissans.local\philtest1","CIS-3M","Enabled","NotAvailable","Hardened UNC Paths","Computer Configuration/Administrative Templates/Network/Network Provider"
"056a8277-0729-4975-a1df-fe1cf363c437","DESKTOP-O2445N2","omnissans.local\philtest1","CIS-3M","Enabled","NotAvailable","Force shutdown from a remote system","Computer Configuration/Windows Settings/Security Settings/Local Policies/User Rights Assignment"
"056a8277-0729-4975-a1df-fe1cf363c437","DESKTOP-O2445N2","omnissans.local\philtest1","CIS-3M","Enabled","NotAvailable","Enumeration policy for external devices incompatible with Kernel DMA Protection","Computer Configuration/Administrative Templates/System/Kernel DMA Protection"
"056a8277-0729-4975-a1df-fe1cf363c437","DESKTOP-O2445N2","omnissans.local\philtest1","CIS-3M","Disabled","NotAvailable","Enumerate local users on domain-joined computers","Computer Configuration/Administrative Templates/System/Logon"
"056a8277-0729-4975-a1df-fe1cf363c437","DESKTOP-O2445N2","omnissans.local\philtest1","CIS-3M","Disabled","NotAvailable","Enumerate administrator accounts on elevation","Computer Configuration/Administrative Templates/Windows Components/Credential User Interface"
"056a8277-0729-4975-a1df-fe1cf363c437","DESKTOP-O2445N2","omnissans.local\philtest1","CIS-3M","Enabled","NotAvailable","Enforce password history","Computer Configuration/Windows Settings/Security Settings/Account Policies/Password Policy"
"056a8277-0729-4975-a1df-fe1cf363c437","DESKTOP-O2445N2","omnissans.local\philtest1","CIS-3M","Enabled","NotAvailable","Include local path when user is uploading files to a server","Computer Configuration/Administrative Templates/Windows Components/Internet Explorer/Internet Control Panel/Security Page/Internet Zone"
"056a8277-0729-4975-a1df-fe1cf363c437","DESKTOP-O2445N2","omnissans.local\philtest1","CIS-3M","Enabled","NotAvailable","Internet Explorer Processes","Computer Configuration/Administrative Templates/Windows Components/Internet Explorer/Security Features/Notification bar"
"056a8277-0729-4975-a1df-fe1cf363c437","DESKTOP-O2445N2","omnissans.local\philtest1","CIS-3M","Enabled","NotAvailable","Internet Explorer Processes","Computer Configuration/Administrative Templates/Windows Components/Internet Explorer/Security Features/Protection From Zone Elevation"
"056a8277-0729-4975-a1df-fe1cf363c437","DESKTOP-O2445N2","omnissans.local\philtest1","CIS-3M","Enabled","NotAvailable","Internet Explorer Processes","Computer Configuration/Administrative Templates/Windows Components/Internet Explorer/Security Features/Restrict ActiveX Install"
"056a8277-0729-4975-a1df-fe1cf363c437","DESKTOP-O2445N2","omnissans.local\philtest1","CIS-3M","Enabled","NotAvailable","Lock pages in memory","Computer Configuration/Windows Settings/Security Settings/Local Policies/User Rights Assignment"
"056a8277-0729-4975-a1df-fe1cf363c437","DESKTOP-O2445N2","omnissans.local\philtest1","CIS-3M","Enabled","NotAvailable","Load and unload device drivers","Computer Configuration/Windows Settings/Security Settings/Local Policies/User Rights Assignment"
"056a8277-0729-4975-a1df-fe1cf363c437","DESKTOP-O2445N2","omnissans.local\philtest1","CIS-3M","Enabled","NotAvailable","Limits print driver installation to Administrators","Computer Configuration/Administrative Templates/Printers"
"056a8277-0729-4975-a1df-fe1cf363c437","DESKTOP-O2445N2","omnissans.local\philtest1","CIS-3M","Enabled","NotAvailable","Let Windows apps activate with voice while the system is locked","Computer Configuration/Administrative Templates/Windows Components/App Privacy"
"056a8277-0729-4975-a1df-fe1cf363c437","DESKTOP-O2445N2","omnissans.local\philtest1","CIS-3M","Enabled","NotAvailable","Launching applications and files in an IFRAME","Computer Configuration/Administrative Templates/Windows Components/Internet Explorer/Internet Control Panel/Security Page/Restricted Sites Zone"
"056a8277-0729-4975-a1df-fe1cf363c437","DESKTOP-O2445N2","omnissans.local\philtest1","CIS-3M","Enabled","NotAvailable","Launching applications and files in an IFRAME","Computer Configuration/Administrative Templates/Windows Components/Internet Explorer/Internet Control Panel/Security Page/Internet Zone"
"056a8277-0729-4975-a1df-fe1cf363c437","DESKTOP-O2445N2","omnissans.local\philtest1","CIS-3M","Enabled","NotAvailable","Join Microsoft MAPS","Computer Configuration/Administrative Templates/Windows Components/Microsoft Defender Antivirus/MAPS"
"056a8277-0729-4975-a1df-fe1cf363c437","DESKTOP-O2445N2","omnissans.local\philtest1","CIS-3M","Enabled","NotAvailable","Java permissions","Computer Configuration/Administrative Templates/Windows Components/Internet Explorer/Internet Control Panel/Security Page/Trusted Sites Zone"
"056a8277-0729-4975-a1df-fe1cf363c437","DESKTOP-O2445N2","omnissans.local\philtest1","CIS-3M","Enabled","NotAvailable","Java permissions","Computer Configuration/Administrative Templates/Windows Components/Internet Explorer/Internet Control Panel/Security Page/Restricted Sites Zone"
"056a8277-0729-4975-a1df-fe1cf363c437","DESKTOP-O2445N2","omnissans.local\philtest1","CIS-3M","Enabled","NotAvailable","Java permissions","Computer Configuration/Administrative Templates/Windows Components/Internet Explorer/Internet Control Panel/Security Page/Locked-Down Trusted Sites Zone"
"056a8277-0729-4975-a1df-fe1cf363c437","DESKTOP-O2445N2","omnissans.local\philtest1","CIS-3M","Enabled","NotAvailable","Java permissions","Computer Configuration/Administrative Templates/Windows Components/Internet Explorer/Internet Control Panel/Security Page/Locked-Down Restricted Sites Zone"
"056a8277-0729-4975-a1df-fe1cf363c437","DESKTOP-O2445N2","omnissans.local\philtest1","CIS-3M","Enabled","NotAvailable","Java permissions","Computer Configuration/Administrative Templates/Windows Components/Internet Explorer/Internet Control Panel/Security Page/Locked-Down Local Machine Zone"
"056a8277-0729-4975-a1df-fe1cf363c437","DESKTOP-O2445N2","omnissans.local\philtest1","CIS-3M","Enabled","NotAvailable","Java permissions","Computer Configuration/Administrative Templates/Windows Components/Internet Explorer/Internet Control Panel/Security Page/Locked-Down Intranet Zone"
"056a8277-0729-4975-a1df-fe1cf363c437","DESKTOP-O2445N2","omnissans.local\philtest1","CIS-3M","Enabled","NotAvailable","Java permissions","Computer Configuration/Administrative Templates/Windows Components/Internet Explorer/Internet Control Panel/Security Page/Local Machine Zone"
"056a8277-0729-4975-a1df-fe1cf363c437","DESKTOP-O2445N2","omnissans.local\philtest1","CIS-3M","Enabled","NotAvailable","Java permissions","Computer Configuration/Administrative Templates/Windows Components/Internet Explorer/Internet Control Panel/Security Page/Intranet Zone"
"056a8277-0729-4975-a1df-fe1cf363c437","DESKTOP-O2445N2","omnissans.local\philtest1","CIS-3M","Enabled","NotAvailable","Java permissions","Computer Configuration/Administrative Templates/Windows Components/Internet Explorer/Internet Control Panel/Security Page/Internet Zone"
"056a8277-0729-4975-a1df-fe1cf363c437","DESKTOP-O2445N2","omnissans.local\philtest1","CIS-3M","Disabled","NotAvailable","Intranet Sites: Include all network paths (UNCs)","Computer Configuration/Administrative Templates/Windows Components/Internet Explorer/Internet Control Panel/Security Page"
"056a8277-0729-4975-a1df-fe1cf363c437","DESKTOP-O2445N2","omnissans.local\philtest1","CIS-3M","Enabled","NotAvailable","Internet Explorer Processes","Computer Configuration/Administrative Templates/Windows Components/Internet Explorer/Security Features/Scripted Window Security Restrictions"
"056a8277-0729-4975-a1df-fe1cf363c437","DESKTOP-O2445N2","omnissans.local\philtest1","CIS-3M","Enabled","NotAvailable","Internet Explorer Processes","Computer Configuration/Administrative Templates/Windows Components/Internet Explorer/Security Features/Restrict File Download"
"056a8277-0729-4975-a1df-fe1cf363c437","DESKTOP-O2445N2","omnissans.local\philtest1","CIS-3M","Enabled","NotAvailable","Logon options","Computer Configuration/Administrative Templates/Windows Components/Internet Explorer/Internet Control Panel/Security Page/Restricted Sites Zone"
"056a8277-0729-4975-a1df-fe1cf363c437","DESKTOP-O2445N2","omnissans.local\philtest1","CIS-3M","Enabled","NotAvailable","Prevent users and apps from accessing dangerous websites","Computer Configuration/Administrative Templates/Windows Components/Microsoft Defender Antivirus/Microsoft Defender Exploit Guard/Network Protection"
"056a8277-0729-4975-a1df-fe1cf363c437","DESKTOP-O2445N2","omnissans.local\philtest1","CIS-3M","Enabled","NotAvailable","Profile single process","Computer Configuration/Windows Settings/Security Settings/Local Policies/User Rights Assignment"
"056a8277-0729-4975-a1df-fe1cf363c437","DESKTOP-O2445N2","omnissans.local\philtest1","CIS-3M","Enabled","NotAvailable","Prohibit connection to non-domain networks when connected to domain authenticated network","Computer Configuration/Administrative Templates/Network/Windows Connection Manager"
"056a8277-0729-4975-a1df-fe1cf363c437","DESKTOP-O2445N2","omnissans.local\philtest1","CIS-3M","Enabled","NotAvailable","Turn on SmartScreen Filter scan","Computer Configuration/Administrative Templates/Windows Components/Internet Explorer/Internet Control Panel/Security Page/Internet Zone"
"056a8277-0729-4975-a1df-fe1cf363c437","DESKTOP-O2445N2","omnissans.local\philtest1","CIS-3M","Enabled","NotAvailable","Turn on script scanning","Computer Configuration/Administrative Templates/Windows Components/Microsoft Defender Antivirus/Real-time Protection"
"056a8277-0729-4975-a1df-fe1cf363c437","DESKTOP-O2445N2","omnissans.local\philtest1","CIS-3M","Enabled","NotAvailable","Turn on Protected Mode","Computer Configuration/Administrative Templates/Windows Components/Internet Explorer/Internet Control Panel/Security Page/Restricted Sites Zone"
"056a8277-0729-4975-a1df-fe1cf363c437","DESKTOP-O2445N2","omnissans.local\philtest1","CIS-3M","Enabled","NotAvailable","Turn on Protected Mode","Computer Configuration/Administrative Templates/Windows Components/Internet Explorer/Internet Control Panel/Security Page/Internet Zone"
"056a8277-0729-4975-a1df-fe1cf363c437","DESKTOP-O2445N2","omnissans.local\philtest1","CIS-3M","Enabled","NotAvailable","Turn on process scanning whenever real-time protection is enabled","Computer Configuration/Administrative Templates/Windows Components/Microsoft Defender Antivirus/Real-time Protection"
"056a8277-0729-4975-a1df-fe1cf363c437","DESKTOP-O2445N2","omnissans.local\philtest1","CIS-3M","Enabled","NotAvailable","Turn on PowerShell Script Block Logging","Computer Configuration/Administrative Templates/Windows Components/Windows PowerShell"
"056a8277-0729-4975-a1df-fe1cf363c437","DESKTOP-O2445N2","omnissans.local\philtest1","CIS-3M","Enabled","NotAvailable","Turn on Enhanced Protected Mode","Computer Configuration/Administrative Templates/Windows Components/Internet Explorer/Internet Control Panel/Advanced Page"
"056a8277-0729-4975-a1df-fe1cf363c437","DESKTOP-O2445N2","omnissans.local\philtest1","CIS-3M","Enabled","NotAvailable","Turn on Cross-Site Scripting Filter","Computer Configuration/Administrative Templates/Windows Components/Internet Explorer/Internet Control Panel/Security Page/Restricted Sites Zone"
"056a8277-0729-4975-a1df-fe1cf363c437","DESKTOP-O2445N2","omnissans.local\philtest1","CIS-3M","Enabled","NotAvailable","Turn on SmartScreen Filter scan","Computer Configuration/Administrative Templates/Windows Components/Internet Explorer/Internet Control Panel/Security Page/Locked-Down Internet Zone"
"056a8277-0729-4975-a1df-fe1cf363c437","DESKTOP-O2445N2","omnissans.local\philtest1","CIS-3M","Enabled","NotAvailable","Turn on Cross-Site Scripting Filter","Computer Configuration/Administrative Templates/Windows Components/Internet Explorer/Internet Control Panel/Security Page/Internet Zone"
"056a8277-0729-4975-a1df-fe1cf363c437","DESKTOP-O2445N2","omnissans.local\philtest1","CIS-3M","Enabled","NotAvailable","Turn on certificate address mismatch warning","Computer Configuration/Administrative Templates/Windows Components/Internet Explorer/Internet Control Panel/Security Page"
"056a8277-0729-4975-a1df-fe1cf363c437","DESKTOP-O2445N2","omnissans.local\philtest1","CIS-3M","Enabled","NotAvailable","Turn on behavior monitoring","Computer Configuration/Administrative Templates/Windows Components/Microsoft Defender Antivirus/Real-time Protection"
"056a8277-0729-4975-a1df-fe1cf363c437","DESKTOP-O2445N2","omnissans.local\philtest1","CIS-3M","Enabled","NotAvailable","Turn on 64-bit tab processes when running in Enhanced Protected Mode on 64-bit versions of Windows","Computer Configuration/Administrative Templates/Windows Components/Internet Explorer/Internet Control Panel/Advanced Page"
"056a8277-0729-4975-a1df-fe1cf363c437","DESKTOP-O2445N2","omnissans.local\philtest1","CIS-3M","Enabled","NotAvailable","Turn off toast notifications on the lock screen","User Configuration/Administrative Templates/Start Menu and Taskbar/Notifications"
"056a8277-0729-4975-a1df-fe1cf363c437","DESKTOP-O2445N2","omnissans.local\philtest1","CIS-3M","Disabled","NotAvailable","Turn off the Security Settings Check feature","Computer Configuration/Administrative Templates/Windows Components/Internet Explorer"
"056a8277-0729-4975-a1df-fe1cf363c437","DESKTOP-O2445N2","omnissans.local\philtest1","CIS-3M","Disabled","NotAvailable","Turn off routine remediation","Computer Configuration/Administrative Templates/Windows Components/Microsoft Defender Antivirus"
"056a8277-0729-4975-a1df-fe1cf363c437","DESKTOP-O2445N2","omnissans.local\philtest1","CIS-3M","Disabled","NotAvailable","Turn off real-time protection","Computer Configuration/Administrative Templates/Windows Components/Microsoft Defender Antivirus/Real-time Protection"
"056a8277-0729-4975-a1df-fe1cf363c437","DESKTOP-O2445N2","omnissans.local\philtest1","CIS-3M","Enabled","NotAvailable","Turn off multicast name resolution","Computer Configuration/Administrative Templates/Network/DNS Client"
"056a8277-0729-4975-a1df-fe1cf363c437","DESKTOP-O2445N2","omnissans.local\philtest1","CIS-3M","Disabled","NotAvailable","Turn on convenience PIN sign-in","Computer Configuration/Administrative Templates/System/Logon"
"056a8277-0729-4975-a1df-fe1cf363c437","DESKTOP-O2445N2","omnissans.local\philtest1","CIS-3M","Enabled","NotAvailable","Turn on SmartScreen Filter scan","Computer Configuration/Administrative Templates/Windows Components/Internet Explorer/Internet Control Panel/Security Page/Locked-Down Restricted Sites Zone"
"056a8277-0729-4975-a1df-fe1cf363c437","DESKTOP-O2445N2","omnissans.local\philtest1","CIS-3M","Enabled","NotAvailable","Turn on SmartScreen Filter scan","Computer Configuration/Administrative Templates/Windows Components/Internet Explorer/Internet Control Panel/Security Page/Restricted Sites Zone"
"056a8277-0729-4975-a1df-fe1cf363c437","DESKTOP-O2445N2","omnissans.local\philtest1","CIS-3M","Disabled","NotAvailable","Turn on the auto-complete feature for user names and passwords on forms","User Configuration/Administrative Templates/Windows Components/Internet Explorer"
"056a8277-0729-4975-a1df-fe1cf363c437","DESKTOP-O2445N2","omnissans.local\philtest1","CIS-3M","Enabled","NotAvailable","Xbox Live Auth Manager (XblAuthManager)","Computer Configuration/Windows Settings/Security Settings/System Services"
"056a8277-0729-4975-a1df-fe1cf363c437","DESKTOP-O2445N2","omnissans.local\philtest1","CIS-3M","Enabled","NotAvailable","Xbox Accessory Management Service (XboxGipSvc)","Computer Configuration/Windows Settings/Security Settings/System Services"
"056a8277-0729-4975-a1df-fe1cf363c437","DESKTOP-O2445N2","omnissans.local\philtest1","CIS-3M","Enabled","NotAvailable","Windows Defender Firewall with Advanced Security - Local Group Policy Object","Computer Configuration/Windows Settings/Security Settings/Windows Defender Firewall with Advanced Security"
"056a8277-0729-4975-a1df-fe1cf363c437","DESKTOP-O2445N2","omnissans.local\philtest1","CIS-3M","Enabled","NotAvailable","Web sites in less privileged Web content zones can navigate into this zone","Computer Configuration/Administrative Templates/Windows Components/Internet Explorer/Internet Control Panel/Security Page/Restricted Sites Zone"
"056a8277-0729-4975-a1df-fe1cf363c437","DESKTOP-O2445N2","omnissans.local\philtest1","CIS-3M","Enabled","NotAvailable","Web sites in less privileged Web content zones can navigate into this zone","Computer Configuration/Administrative Templates/Windows Components/Internet Explorer/Internet Control Panel/Security Page/Internet Zone"
"056a8277-0729-4975-a1df-fe1cf363c437","DESKTOP-O2445N2","omnissans.local\philtest1","CIS-3M","Enabled","NotAvailable","Userdata persistence","Computer Configuration/Administrative Templates/Windows Components/Internet Explorer/Internet Control Panel/Security Page/Restricted Sites Zone"
"056a8277-0729-4975-a1df-fe1cf363c437","DESKTOP-O2445N2","omnissans.local\philtest1","CIS-3M","Enabled","NotAvailable","Userdata persistence","Computer Configuration/Administrative Templates/Windows Components/Internet Explorer/Internet Control Panel/Security Page/Internet Zone"
"056a8277-0729-4975-a1df-fe1cf363c437","DESKTOP-O2445N2","omnissans.local\philtest1","CIS-3M","Enabled","NotAvailable","User Account Control: Virtualize file and registry write failures to per-user locations","Computer Configuration/Windows Settings/Security Settings/Local Policies/Security Options"
"056a8277-0729-4975-a1df-fe1cf363c437","DESKTOP-O2445N2","omnissans.local\philtest1","CIS-3M","Enabled","NotAvailable","User Account Control: Run all administrators in Admin Approval Mode","Computer Configuration/Windows Settings/Security Settings/Local Policies/Security Options"
"056a8277-0729-4975-a1df-fe1cf363c437","DESKTOP-O2445N2","omnissans.local\philtest1","CIS-3M","Enabled","NotAvailable","User Account Control: Only elevate UIAccess applications that are installed in secure locations","Computer Configuration/Windows Settings/Security Settings/Local Policies/Security Options"
"056a8277-0729-4975-a1df-fe1cf363c437","DESKTOP-O2445N2","omnissans.local\philtest1","CIS-3M","Enabled","NotAvailable","User Account Control: Detect application installations and prompt for elevation","Computer Configuration/Windows Settings/Security Settings/Local Policies/Security Options"
"056a8277-0729-4975-a1df-fe1cf363c437","DESKTOP-O2445N2","omnissans.local\philtest1","CIS-3M","Enabled","NotAvailable","User Account Control: Configure type of Admin Approval Mode","Computer Configuration/Windows Settings/Security Settings/Local Policies/Security Options"
"056a8277-0729-4975-a1df-fe1cf363c437","DESKTOP-O2445N2","omnissans.local\philtest1","CIS-3M","Enabled","NotAvailable","User Account Control: Behavior of the elevation prompt for standard users","Computer Configuration/Windows Settings/Security Settings/Local Policies/Security Options"
"056a8277-0729-4975-a1df-fe1cf363c437","DESKTOP-O2445N2","omnissans.local\philtest1","CIS-3M","Enabled","NotAvailable","User Account Control: Behavior of the elevation prompt for administrators running with enhanced privilege protection","Computer Configuration/Windows Settings/Security Settings/Local Policies/Security Options"
"056a8277-0729-4975-a1df-fe1cf363c437","DESKTOP-O2445N2","omnissans.local\philtest1","CIS-3M","Enabled","NotAvailable","User Account Control: Behavior of the elevation prompt for administrators in Admin Approval Mode","Computer Configuration/Windows Settings/Security Settings/Local Policies/Security Options"
"056a8277-0729-4975-a1df-fe1cf363c437","DESKTOP-O2445N2","omnissans.local\philtest1","CIS-3M","Enabled","NotAvailable","User Account Control: Admin Approval Mode for the Built-in Administrator account","Computer Configuration/Windows Settings/Security Settings/Local Policies/Security Options"
"056a8277-0729-4975-a1df-fe1cf363c437","DESKTOP-O2445N2","omnissans.local\philtest1","CIS-3M","Enabled","NotAvailable","Use Pop-up Blocker","Computer Configuration/Administrative Templates/Windows Components/Internet Explorer/Internet Control Panel/Security Page/Restricted Sites Zone"
"056a8277-0729-4975-a1df-fe1cf363c437","DESKTOP-O2445N2","omnissans.local\philtest1","CIS-3M","Enabled","NotAvailable","Use Pop-up Blocker","Computer Configuration/Administrative Templates/Windows Components/Internet Explorer/Internet Control Panel/Security Page/Internet Zone"
"056a8277-0729-4975-a1df-fe1cf363c437","DESKTOP-O2445N2","omnissans.local\philtest1","CIS-3M","Enabled","NotAvailable","Turn On Virtualization Based Security","Computer Configuration/Administrative Templates/System/Device Guard"
"056a8277-0729-4975-a1df-fe1cf363c437","DESKTOP-O2445N2","omnissans.local\philtest1","CIS-3M","Enabled","NotAvailable","Turn off Microsoft consumer experiences","Computer Configuration/Administrative Templates/Windows Components/Cloud Content"
"056a8277-0729-4975-a1df-fe1cf363c437","DESKTOP-O2445N2","omnissans.local\philtest1","CIS-3M","Enabled","NotAvailable","Turn off Internet download for Web publishing and online ordering wizards","Computer Configuration/Administrative Templates/System/Internet Communication Management/Internet Communication settings"
"056a8277-0729-4975-a1df-fe1cf363c437","DESKTOP-O2445N2","omnissans.local\philtest1","CIS-3M","Enabled","NotAvailable","Turn off encryption support","Computer Configuration/Administrative Templates/Windows Components/Internet Explorer/Internet Control Panel/Advanced Page"
"056a8277-0729-4975-a1df-fe1cf363c437","DESKTOP-O2445N2","omnissans.local\philtest1","CIS-3M","Enabled","NotAvailable","Turn off downloading of print drivers over HTTP","Computer Configuration/Administrative Templates/System/Internet Communication Management/Internet Communication settings"
"056a8277-0729-4975-a1df-fe1cf363c437","DESKTOP-O2445N2","omnissans.local\philtest1","CIS-3M","Enabled","NotAvailable","Script ActiveX controls marked safe for scripting","Computer Configuration/Administrative Templates/Windows Components/Internet Explorer/Internet Control Panel/Security Page/Restricted Sites Zone"
"056a8277-0729-4975-a1df-fe1cf363c437","DESKTOP-O2445N2","omnissans.local\philtest1","CIS-3M","Enabled","NotAvailable","Scan removable drives","Computer Configuration/Administrative Templates/Windows Components/Microsoft Defender Antivirus/Scan"
"056a8277-0729-4975-a1df-fe1cf363c437","DESKTOP-O2445N2","omnissans.local\philtest1","CIS-3M","Enabled","NotAvailable","Scan excluded files and directories during quick scans","Computer Configuration/Administrative Templates/Windows Components/Microsoft Defender Antivirus/Scan"
"056a8277-0729-4975-a1df-fe1cf363c437","DESKTOP-O2445N2","omnissans.local\philtest1","CIS-3M","Enabled","NotAvailable","Scan all downloaded files and attachments","Computer Configuration/Administrative Templates/Windows Components/Microsoft Defender Antivirus/Real-time Protection"
"056a8277-0729-4975-a1df-fe1cf363c437","DESKTOP-O2445N2","omnissans.local\philtest1","CIS-3M","Enabled","NotAvailable","Run ActiveX controls and plugins","Computer Configuration/Administrative Templates/Windows Components/Internet Explorer/Internet Control Panel/Security Page/Restricted Sites Zone"
"056a8277-0729-4975-a1df-fe1cf363c437","DESKTOP-O2445N2","omnissans.local\philtest1","CIS-3M","Enabled","NotAvailable","Run .NET Framework-reliant components signed with Authenticode","Computer Configuration/Administrative Templates/Windows Components/Internet Explorer/Internet Control Panel/Security Page/Restricted Sites Zone"
"056a8277-0729-4975-a1df-fe1cf363c437","DESKTOP-O2445N2","omnissans.local\philtest1","CIS-3M","Enabled","NotAvailable","Run .NET Framework-reliant components signed with Authenticode","Computer Configuration/Administrative Templates/Windows Components/Internet Explorer/Internet Control Panel/Security Page/Internet Zone"
"056a8277-0729-4975-a1df-fe1cf363c437","DESKTOP-O2445N2","omnissans.local\philtest1","CIS-3M","Enabled","NotAvailable","Run .NET Framework-reliant components not signed with Authenticode","Computer Configuration/Administrative Templates/Windows Components/Internet Explorer/Internet Control Panel/Security Page/Restricted Sites Zone"
"056a8277-0729-4975-a1df-fe1cf363c437","DESKTOP-O2445N2","omnissans.local\philtest1","CIS-3M","Enabled","NotAvailable","Run .NET Framework-reliant components not signed with Authenticode","Computer Configuration/Administrative Templates/Windows Components/Internet Explorer/Internet Control Panel/Security Page/Internet Zone"
"056a8277-0729-4975-a1df-fe1cf363c437","DESKTOP-O2445N2","omnissans.local\philtest1","CIS-3M","Enabled","NotAvailable","Restrict Unauthenticated RPC clients","Computer Configuration/Administrative Templates/System/Remote Procedure Call"
"056a8277-0729-4975-a1df-fe1cf363c437","DESKTOP-O2445N2","omnissans.local\philtest1","CIS-3M","Enabled","NotAvailable","Restore files and directories","Computer Configuration/Windows Settings/Security Settings/Local Policies/User Rights Assignment"
"056a8277-0729-4975-a1df-fe1cf363c437","DESKTOP-O2445N2","omnissans.local\philtest1","CIS-3M","Enabled","NotAvailable","Reset account lockout counter after","Computer Configuration/Windows Settings/Security Settings/Account Policies/Account Lockout Policy"
"056a8277-0729-4975-a1df-fe1cf363c437","DESKTOP-O2445N2","omnissans.local\philtest1","CIS-3M","Enabled","NotAvailable","Require secure RPC communication","Computer Configuration/Administrative Templates/Windows Components/Remote Desktop Services/Remote Desktop Session Host/Security"
"056a8277-0729-4975-a1df-fe1cf363c437","DESKTOP-O2445N2","omnissans.local\philtest1","CIS-3M","Disabled","NotAvailable","Require Encryption","Computer Configuration/Administrative Templates/Network/Lanman Workstation"
"056a8277-0729-4975-a1df-fe1cf363c437","DESKTOP-O2445N2","omnissans.local\philtest1","CIS-3M","Enabled","NotAvailable","Require a password when a computer wakes (plugged in)","Computer Configuration/Administrative Templates/System/Power Management/Sleep Settings"
"056a8277-0729-4975-a1df-fe1cf363c437","DESKTOP-O2445N2","omnissans.local\philtest1","CIS-3M","Enabled","NotAvailable","Require a password when a computer wakes (on battery)","Computer Configuration/Administrative Templates/System/Power Management/Sleep Settings"
"056a8277-0729-4975-a1df-fe1cf363c437","DESKTOP-O2445N2","omnissans.local\philtest1","CIS-3M","Enabled","NotAvailable","Remove ""Run this time"" button for outdated ActiveX controls in Internet Explorer ","Computer Configuration/Administrative Templates/Windows Components/Internet Explorer/Security Features/Add-on Management"
"056a8277-0729-4975-a1df-fe1cf363c437","DESKTOP-O2445N2","omnissans.local\philtest1","CIS-3M","Enabled","NotAvailable","Remote host allows delegation of non-exportable credentials","Computer Configuration/Administrative Templates/System/Credentials Delegation"
"056a8277-0729-4975-a1df-fe1cf363c437","DESKTOP-O2445N2","omnissans.local\philtest1","CIS-3M","Enabled","NotAvailable","Prohibit use of Internet Connection Sharing on your DNS domain network","Computer Configuration/Administrative Templates/Network/Network Connections"
"056a8277-0729-4975-a1df-fe1cf363c437","DESKTOP-O2445N2","omnissans.local\philtest1","CIS-3M","Enabled","NotAvailable","Scripting of Java applets","Computer Configuration/Administrative Templates/Windows Components/Internet Explorer/Internet Control Panel/Security Page/Restricted Sites Zone"
"056a8277-0729-4975-a1df-fe1cf363c437","DESKTOP-O2445N2","omnissans.local\philtest1","CIS-3M","Enabled","NotAvailable","Encryption Oracle Remediation","Computer Configuration/Administrative Templates/System/Credentials Delegation"
"056a8277-0729-4975-a1df-fe1cf363c437","DESKTOP-O2445N2","omnissans.local\philtest1","CIS-3M","Enabled","NotAvailable","Security Zones: Do not allow users to add/delete sites","Computer Configuration/Administrative Templates/Windows Components/Internet Explorer"
"056a8277-0729-4975-a1df-fe1cf363c437","DESKTOP-O2445N2","omnissans.local\philtest1","CIS-3M","Enabled","NotAvailable","Security Zones: Use only machine settings ","Computer Configuration/Administrative Templates/Windows Components/Internet Explorer"
"056a8277-0729-4975-a1df-fe1cf363c437","DESKTOP-O2445N2","omnissans.local\philtest1","CIS-3M","Enabled","NotAvailable","Turn off Crash Detection","Computer Configuration/Administrative Templates/Windows Components/Internet Explorer"
"056a8277-0729-4975-a1df-fe1cf363c437","DESKTOP-O2445N2","omnissans.local\philtest1","CIS-3M","Disabled","NotAvailable","Turn off blocking of outdated ActiveX controls for Internet Explorer","Computer Configuration/Administrative Templates/Windows Components/Internet Explorer/Security Features/Add-on Management"
"056a8277-0729-4975-a1df-fe1cf363c437","DESKTOP-O2445N2","omnissans.local\philtest1","CIS-3M","Enabled","NotAvailable","Turn off Autoplay","Computer Configuration/Administrative Templates/Windows Components/AutoPlay Policies"
"056a8277-0729-4975-a1df-fe1cf363c437","DESKTOP-O2445N2","omnissans.local\philtest1","CIS-3M","Enabled","NotAvailable","Take ownership of files or other objects","Computer Configuration/Windows Settings/Security Settings/Local Policies/User Rights Assignment"
"056a8277-0729-4975-a1df-fe1cf363c437","DESKTOP-O2445N2","omnissans.local\philtest1","CIS-3M","Enabled","NotAvailable","System objects: Strengthen default permissions of internal system objects (e.g. Symbolic Links)","Computer Configuration/Windows Settings/Security Settings/Local Policies/Security Options"
"056a8277-0729-4975-a1df-fe1cf363c437","DESKTOP-O2445N2","omnissans.local\philtest1","CIS-3M","Disabled","NotAvailable","Store passwords using reversible encryption","Computer Configuration/Windows Settings/Security Settings/Account Policies/Password Policy"
"056a8277-0729-4975-a1df-fe1cf363c437","DESKTOP-O2445N2","omnissans.local\philtest1","CIS-3M","Enabled","NotAvailable","Specify use of ActiveX Installer Service for installation of ActiveX controls","Computer Configuration/Administrative Templates/Windows Components/Internet Explorer"
"056a8277-0729-4975-a1df-fe1cf363c437","DESKTOP-O2445N2","omnissans.local\philtest1","CIS-3M","Enabled","NotAvailable","Specify the maximum log file size (KB)","Computer Configuration/Administrative Templates/Windows Components/Event Log Service/System"
"056a8277-0729-4975-a1df-fe1cf363c437","DESKTOP-O2445N2","omnissans.local\philtest1","CIS-3M","Enabled","NotAvailable","Specify the maximum log file size (KB)","Computer Configuration/Administrative Templates/Windows Components/Event Log Service/Security"
"056a8277-0729-4975-a1df-fe1cf363c437","DESKTOP-O2445N2","omnissans.local\philtest1","CIS-3M","Enabled","NotAvailable","Specify the maximum log file size (KB)","Computer Configuration/Administrative Templates/Windows Components/Event Log Service/Application"
"056a8277-0729-4975-a1df-fe1cf363c437","DESKTOP-O2445N2","omnissans.local\philtest1","CIS-3M","Disabled","NotAvailable","Sign-in and lock last interactive user automatically after a restart","Computer Configuration/Administrative Templates/Windows Components/Windows Logon Options"
"056a8277-0729-4975-a1df-fe1cf363c437","DESKTOP-O2445N2","omnissans.local\philtest1","CIS-3M","Enabled","NotAvailable","Show security warning for potentially unsafe files","Computer Configuration/Administrative Templates/Windows Components/Internet Explorer/Internet Control Panel/Security Page/Restricted Sites Zone"
"056a8277-0729-4975-a1df-fe1cf363c437","DESKTOP-O2445N2","omnissans.local\philtest1","CIS-3M","Enabled","NotAvailable","Show security warning for potentially unsafe files","Computer Configuration/Administrative Templates/Windows Components/Internet Explorer/Internet Control Panel/Security Page/Internet Zone"
"056a8277-0729-4975-a1df-fe1cf363c437","DESKTOP-O2445N2","omnissans.local\philtest1","CIS-3M","Enabled","NotAvailable","Set the default behavior for AutoRun","Computer Configuration/Administrative Templates/Windows Components/AutoPlay Policies"
"056a8277-0729-4975-a1df-fe1cf363c437","DESKTOP-O2445N2","omnissans.local\philtest1","CIS-3M","Enabled","NotAvailable","Set client connection encryption level","Computer Configuration/Administrative Templates/Windows Components/Remote Desktop Services/Remote Desktop Session Host/Security"
"056a8277-0729-4975-a1df-fe1cf363c437","DESKTOP-O2445N2","omnissans.local\philtest1","CIS-3M","Enabled","NotAvailable","Set authentication rate limiter delay (milliseconds)","Computer Configuration/Administrative Templates/Network/Lanman Server"
"056a8277-0729-4975-a1df-fe1cf363c437","DESKTOP-O2445N2","omnissans.local\philtest1","CIS-3M","Enabled","NotAvailable","Service Enabled","Computer Configuration/Administrative Templates/Windows Components/Windows Defender SmartScreen/Enhanced Phishing Protection"
"056a8277-0729-4975-a1df-fe1cf363c437","DESKTOP-O2445N2","omnissans.local\philtest1","CIS-3M","Enabled","NotAvailable","Send file samples when further analysis is required","Computer Configuration/Administrative Templates/Windows Components/Microsoft Defender Antivirus/MAPS"
"056a8277-0729-4975-a1df-fe1cf363c437","DESKTOP-O2445N2","omnissans.local\philtest1","CIS-3M","Enabled","NotAvailable","Select cloud protection level","Computer Configuration/Administrative Templates/Windows Components/Microsoft Defender Antivirus/MpEngine"
"056a8277-0729-4975-a1df-fe1cf363c437","DESKTOP-O2445N2","omnissans.local\philtest1","CIS-3M","Enabled","NotAvailable","Security Zones: Do not allow users to change policies","Computer Configuration/Administrative Templates/Windows Components/Internet Explorer"
"056a8277-0729-4975-a1df-fe1cf363c437","DESKTOP-O2445N2","omnissans.local\philtest1","CIS-3M","Enabled","NotAvailable","Xbox Live Game Save (XblGameSave)","Computer Configuration/Windows Settings/Security Settings/System Services"
"056a8277-0729-4975-a1df-fe1cf363c437","DESKTOP-O2445N2","omnissans.local\philtest1","CIS-3M","Disabled","NotAvailable","Enables or disables Windows Game Recording and Broadcasting","Computer Configuration/Administrative Templates/Windows Components/Windows Game Recording and Broadcasting"
"056a8277-0729-4975-a1df-fe1cf363c437","DESKTOP-O2445N2","omnissans.local\philtest1","CIS-3M","Disabled","NotAvailable","Enable remote mailslots","Computer Configuration/Administrative Templates/Network/Lanman Workstation"
"056a8277-0729-4975-a1df-fe1cf363c437","DESKTOP-O2445N2","omnissans.local\philtest1","CIS-3M","Enabled","NotAvailable","Allow VBScript to run in Internet Explorer","Computer Configuration/Administrative Templates/Windows Components/Internet Explorer/Internet Control Panel/Security Page/Internet Zone"
"056a8277-0729-4975-a1df-fe1cf363c437","DESKTOP-O2445N2","omnissans.local\philtest1","CIS-3M","Disabled","NotAvailable","Allow user control over installs","Computer Configuration/Administrative Templates/Windows Components/Windows Installer"
"056a8277-0729-4975-a1df-fe1cf363c437","DESKTOP-O2445N2","omnissans.local\philtest1","CIS-3M","Enabled","NotAvailable","Allow updates to status bar via script","Computer Configuration/Administrative Templates/Windows Components/Internet Explorer/Internet Control Panel/Security Page/Restricted Sites Zone"
"056a8277-0729-4975-a1df-fe1cf363c437","DESKTOP-O2445N2","omnissans.local\philtest1","CIS-3M","Enabled","NotAvailable","Allow updates to status bar via script","Computer Configuration/Administrative Templates/Windows Components/Internet Explorer/Internet Control Panel/Security Page/Internet Zone"
"056a8277-0729-4975-a1df-fe1cf363c437","DESKTOP-O2445N2","omnissans.local\philtest1","CIS-3M","Disabled","NotAvailable","Allow unencrypted traffic","Computer Configuration/Administrative Templates/Windows Components/Windows Remote Management (WinRM)/WinRM Service"
"056a8277-0729-4975-a1df-fe1cf363c437","DESKTOP-O2445N2","omnissans.local\philtest1","CIS-3M","Disabled","NotAvailable","Allow unencrypted traffic","Computer Configuration/Administrative Templates/Windows Components/Windows Remote Management (WinRM)/WinRM Client"
"056a8277-0729-4975-a1df-fe1cf363c437","DESKTOP-O2445N2","omnissans.local\philtest1","CIS-3M","Disabled","NotAvailable","Allow standby states (S1-S3) when sleeping (plugged in)","Computer Configuration/Administrative Templates/System/Power Management/Sleep Settings"
"056a8277-0729-4975-a1df-fe1cf363c437","DESKTOP-O2445N2","omnissans.local\philtest1","CIS-3M","Disabled","NotAvailable","Allow standby states (S1-S3) when sleeping (on battery)","Computer Configuration/Administrative Templates/System/Power Management/Sleep Settings"
"056a8277-0729-4975-a1df-fe1cf363c437","DESKTOP-O2445N2","omnissans.local\philtest1","CIS-3M","Enabled","NotAvailable","Allow VBScript to run in Internet Explorer","Computer Configuration/Administrative Templates/Windows Components/Internet Explorer/Internet Control Panel/Security Page/Restricted Sites Zone"
"056a8277-0729-4975-a1df-fe1cf363c437","DESKTOP-O2445N2","omnissans.local\philtest1","CIS-3M","Disabled","NotAvailable","Allow software to run or install even if the signature is invalid","Computer Configuration/Administrative Templates/Windows Components/Internet Explorer/Internet Control Panel/Advanced Page"
"056a8277-0729-4975-a1df-fe1cf363c437","DESKTOP-O2445N2","omnissans.local\philtest1","CIS-3M","Enabled","NotAvailable","Allow scriptlets","Computer Configuration/Administrative Templates/Windows Components/Internet Explorer/Internet Control Panel/Security Page/Internet Zone"
"056a8277-0729-4975-a1df-fe1cf363c437","DESKTOP-O2445N2","omnissans.local\philtest1","CIS-3M","Enabled","NotAvailable","Allow script-initiated windows without size or position constraints","Computer Configuration/Administrative Templates/Windows Components/Internet Explorer/Internet Control Panel/Security Page/Restricted Sites Zone"
"056a8277-0729-4975-a1df-fe1cf363c437","DESKTOP-O2445N2","omnissans.local\philtest1","CIS-3M","Enabled","NotAvailable","Allow script-initiated windows without size or position constraints","Computer Configuration/Administrative Templates/Windows Components/Internet Explorer/Internet Control Panel/Security Page/Internet Zone"
"056a8277-0729-4975-a1df-fe1cf363c437","DESKTOP-O2445N2","omnissans.local\philtest1","CIS-3M","Enabled","NotAvailable","Allow scripting of Internet Explorer WebBrowser controls","Computer Configuration/Administrative Templates/Windows Components/Internet Explorer/Internet Control Panel/Security Page/Restricted Sites Zone"
"056a8277-0729-4975-a1df-fe1cf363c437","DESKTOP-O2445N2","omnissans.local\philtest1","CIS-3M","Enabled","NotAvailable","Allow scripting of Internet Explorer WebBrowser controls","Computer Configuration/Administrative Templates/Windows Components/Internet Explorer/Internet Control Panel/Security Page/Internet Zone"
"056a8277-0729-4975-a1df-fe1cf363c437","DESKTOP-O2445N2","omnissans.local\philtest1","CIS-3M","Enabled","NotAvailable","Allow only approved domains to use the TDC ActiveX control","Computer Configuration/Administrative Templates/Windows Components/Internet Explorer/Internet Control Panel/Security Page/Restricted Sites Zone"
"056a8277-0729-4975-a1df-fe1cf363c437","DESKTOP-O2445N2","omnissans.local\philtest1","CIS-3M","Enabled","NotAvailable","Allow only approved domains to use the TDC ActiveX control","Computer Configuration/Administrative Templates/Windows Components/Internet Explorer/Internet Control Panel/Security Page/Internet Zone"
"056a8277-0729-4975-a1df-fe1cf363c437","DESKTOP-O2445N2","omnissans.local\philtest1","CIS-3M","Enabled","NotAvailable","Allow only approved domains to use ActiveX controls without prompt","Computer Configuration/Administrative Templates/Windows Components/Internet Explorer/Internet Control Panel/Security Page/Restricted Sites Zone"
"056a8277-0729-4975-a1df-fe1cf363c437","DESKTOP-O2445N2","omnissans.local\philtest1","CIS-3M","Enabled","NotAvailable","Allow scriptlets","Computer Configuration/Administrative Templates/Windows Components/Internet Explorer/Internet Control Panel/Security Page/Restricted Sites Zone"
"056a8277-0729-4975-a1df-fe1cf363c437","DESKTOP-O2445N2","omnissans.local\philtest1","CIS-3M","Enabled","NotAvailable","Allow Windows Ink Workspace","Computer Configuration/Administrative Templates/Windows Components/Windows Ink Workspace"
"056a8277-0729-4975-a1df-fe1cf363c437","DESKTOP-O2445N2","omnissans.local\philtest1","CIS-3M","Disabled","NotAvailable","Allow Windows to automatically connect to suggested open hotspots, to networks shared by contacts, and to hotspots offering paid services","Computer Configuration/Administrative Templates/Network/WLAN Service/WLAN Settings"
"056a8277-0729-4975-a1df-fe1cf363c437","DESKTOP-O2445N2","omnissans.local\philtest1","CIS-3M","Disabled","NotAvailable","Always install with elevated privileges","Computer Configuration/Administrative Templates/Windows Components/Windows Installer"
"056a8277-0729-4975-a1df-fe1cf363c437","DESKTOP-O2445N2","omnissans.local\philtest1","CIS-3M","Enabled","NotAvailable","Audit Other System Events","Computer Configuration/Windows Settings/Security Settings/Advanced Audit Policy Configuration/System Audit Policies - Local Group Policy Object/System"
"056a8277-0729-4975-a1df-fe1cf363c437","DESKTOP-O2445N2","omnissans.local\philtest1","CIS-3M","Enabled","NotAvailable","Audit Other Policy Change Events","Computer Configuration/Windows Settings/Security Settings/Advanced Audit Policy Configuration/System Audit Policies - Local Group Policy Object/Policy Change"
"056a8277-0729-4975-a1df-fe1cf363c437","DESKTOP-O2445N2","omnissans.local\philtest1","CIS-3M","Enabled","NotAvailable","Audit Other Object Access Events","Computer Configuration/Windows Settings/Security Settings/Advanced Audit Policy Configuration/System Audit Policies - Local Group Policy Object/Object Access"
"056a8277-0729-4975-a1df-fe1cf363c437","DESKTOP-O2445N2","omnissans.local\philtest1","CIS-3M","Enabled","NotAvailable","Audit Other Logon/Logoff Events","Computer Configuration/Windows Settings/Security Settings/Advanced Audit Policy Configuration/System Audit Policies - Local Group Policy Object/Logon/Logoff"
"056a8277-0729-4975-a1df-fe1cf363c437","DESKTOP-O2445N2","omnissans.local\philtest1","CIS-3M","Enabled","NotAvailable","Audit MPSSVC Rule-Level Policy Change","Computer Configuration/Windows Settings/Security Settings/Advanced Audit Policy Configuration/System Audit Policies - Local Group Policy Object/Policy Change"
"056a8277-0729-4975-a1df-fe1cf363c437","DESKTOP-O2445N2","omnissans.local\philtest1","CIS-3M","Enabled","NotAvailable","Audit Logon","Computer Configuration/Windows Settings/Security Settings/Advanced Audit Policy Configuration/System Audit Policies - Local Group Policy Object/Logon/Logoff"
"056a8277-0729-4975-a1df-fe1cf363c437","DESKTOP-O2445N2","omnissans.local\philtest1","CIS-3M","Enabled","NotAvailable","Audit insecure guest logon","Computer Configuration/Administrative Templates/Network/Lanman Workstation"
"056a8277-0729-4975-a1df-fe1cf363c437","DESKTOP-O2445N2","omnissans.local\philtest1","CIS-3M","Enabled","NotAvailable","Audit insecure guest logon","Computer Configuration/Administrative Templates/Network/Lanman Server"
"056a8277-0729-4975-a1df-fe1cf363c437","DESKTOP-O2445N2","omnissans.local\philtest1","CIS-3M","Enabled","NotAvailable","Audit Group Membership","Computer Configuration/Windows Settings/Security Settings/Advanced Audit Policy Configuration/System Audit Policies - Local Group Policy Object/Logon/Logoff"
"056a8277-0729-4975-a1df-fe1cf363c437","DESKTOP-O2445N2","omnissans.local\philtest1","CIS-3M","Enabled","NotAvailable","Audit File Share","Computer Configuration/Windows Settings/Security Settings/Advanced Audit Policy Configuration/System Audit Policies - Local Group Policy Object/Object Access"
"056a8277-0729-4975-a1df-fe1cf363c437","DESKTOP-O2445N2","omnissans.local\philtest1","CIS-3M","Enabled","NotAvailable","Audit Detailed File Share","Computer Configuration/Windows Settings/Security Settings/Advanced Audit Policy Configuration/System Audit Policies - Local Group Policy Object/Object Access"
"056a8277-0729-4975-a1df-fe1cf363c437","DESKTOP-O2445N2","omnissans.local\philtest1","CIS-3M","Enabled","NotAvailable","Audit Credential Validation","Computer Configuration/Windows Settings/Security Settings/Advanced Audit Policy Configuration/System Audit Policies - Local Group Policy Object/Account Logon"
"056a8277-0729-4975-a1df-fe1cf363c437","DESKTOP-O2445N2","omnissans.local\philtest1","CIS-3M","Enabled","NotAvailable","Audit client does not support signing","Computer Configuration/Administrative Templates/Network/Lanman Server"
"056a8277-0729-4975-a1df-fe1cf363c437","DESKTOP-O2445N2","omnissans.local\philtest1","CIS-3M","Enabled","NotAvailable","Audit client does not support encryption","Computer Configuration/Administrative Templates/Network/Lanman Server"
"056a8277-0729-4975-a1df-fe1cf363c437","DESKTOP-O2445N2","omnissans.local\philtest1","CIS-3M","Enabled","NotAvailable","Audit Authentication Policy Change","Computer Configuration/Windows Settings/Security Settings/Advanced Audit Policy Configuration/System Audit Policies - Local Group Policy Object/Policy Change"
"056a8277-0729-4975-a1df-fe1cf363c437","DESKTOP-O2445N2","omnissans.local\philtest1","CIS-3M","Enabled","NotAvailable","Audit Audit Policy Change","Computer Configuration/Windows Settings/Security Settings/Advanced Audit Policy Configuration/System Audit Policies - Local Group Policy Object/Policy Change"
"056a8277-0729-4975-a1df-fe1cf363c437","DESKTOP-O2445N2","omnissans.local\philtest1","CIS-3M","Enabled","NotAvailable","Audit Account Lockout","Computer Configuration/Windows Settings/Security Settings/Advanced Audit Policy Configuration/System Audit Policies - Local Group Policy Object/Logon/Logoff"
"056a8277-0729-4975-a1df-fe1cf363c437","DESKTOP-O2445N2","omnissans.local\philtest1","CIS-3M","NotConfigured","NotAvailable","Apply UAC restrictions to local accounts on network logons","Computer Configuration/Administrative Templates/MS Security Guide"
"056a8277-0729-4975-a1df-fe1cf363c437","DESKTOP-O2445N2","omnissans.local\philtest1","CIS-3M","Enabled","NotAvailable","Always prompt for password upon connection","Computer Configuration/Administrative Templates/Windows Components/Remote Desktop Services/Remote Desktop Session Host/Security"
"056a8277-0729-4975-a1df-fe1cf363c437","DESKTOP-O2445N2","omnissans.local\philtest1","CIS-3M","Enabled","NotAvailable","Allow only approved domains to use ActiveX controls without prompt","Computer Configuration/Administrative Templates/Windows Components/Internet Explorer/Internet Control Panel/Security Page/Internet Zone"
"056a8277-0729-4975-a1df-fe1cf363c437","DESKTOP-O2445N2","omnissans.local\philtest1","CIS-3M","Enabled","NotAvailable","Audit PNP Activity","Computer Configuration/Windows Settings/Security Settings/Advanced Audit Policy Configuration/System Audit Policies - Local Group Policy Object/Detailed Tracking"
"056a8277-0729-4975-a1df-fe1cf363c437","DESKTOP-O2445N2","omnissans.local\philtest1","CIS-3M","Enabled","NotAvailable","Allow Microsoft accounts to be optional","Computer Configuration/Administrative Templates/Windows Components/App runtime"
"056a8277-0729-4975-a1df-fe1cf363c437","DESKTOP-O2445N2","omnissans.local\philtest1","CIS-3M","Enabled","NotAvailable","Allow log on locally","Computer Configuration/Windows Settings/Security Settings/Local Policies/User Rights Assignment"
"056a8277-0729-4975-a1df-fe1cf363c437","DESKTOP-O2445N2","omnissans.local\philtest1","CIS-3M","Enabled","NotAvailable","Access Credential Manager as a trusted caller","Computer Configuration/Windows Settings/Security Settings/Local Policies/User Rights Assignment"
"11f3c97e-8f65-4d0e-8d07-377c442dcb67","DESKTOP-120LONF","omnissans.local\philtest1","LighthouseAPJ","Enabled","NonCompliant","User Account Control: Configure type of Admin Approval Mode","Computer Configuration/Windows Settings/Security Settings/Local Policies/Security Options"
"11f3c97e-8f65-4d0e-8d07-377c442dcb67","DESKTOP-120LONF","omnissans.local\philtest1","LighthouseAPJ","Enabled","NonCompliant","User Account Control: Behavior of the elevation prompt for administrators running with enhanced privilege protection","Computer Configuration/Windows Settings/Security Settings/Local Policies/Security Options"
"11f3c97e-8f65-4d0e-8d07-377c442dcb67","DESKTOP-120LONF","omnissans.local\philtest1","LighthouseAPJ","Enabled","NonCompliant","Reset account lockout counter after","Computer Configuration/Windows Settings/Security Settings/Account Policies/Account Lockout Policy"
"11f3c97e-8f65-4d0e-8d07-377c442dcb67","DESKTOP-120LONF","omnissans.local\philtest1","LighthouseAPJ","Enabled","NonCompliant","Allow Administrator account lockout","Computer Configuration/Windows Settings/Security Settings/Account Policies/Account Lockout Policy"
"11f3c97e-8f65-4d0e-8d07-377c442dcb67","DESKTOP-120LONF","omnissans.local\philtest1","LighthouseAPJ","Enabled","NonCompliant","Account lockout threshold","Computer Configuration/Windows Settings/Security Settings/Account Policies/Account Lockout Policy"
"11f3c97e-8f65-4d0e-8d07-377c442dcb67","DESKTOP-120LONF","omnissans.local\philtest1","LighthouseAPJ","Enabled","NonCompliant","Account lockout duration","Computer Configuration/Windows Settings/Security Settings/Account Policies/Account Lockout Policy"
"ec9a4aff-c76f-4843-9315-912a81f1892a","DESKTOP-120LONF","omnissans.local\philtest1","LighthouseAPJ","Enabled","NonCompliant","User Account Control: Configure type of Admin Approval Mode","Computer Configuration/Windows Settings/Security Settings/Local Policies/Security Options"
"056a8277-0729-4975-a1df-fe1cf363c437","DESKTOP-O2445N2","omnissans.local\philtest1","CIS-3M","Enabled","NotAvailable","Access data sources across domains","Computer Configuration/Administrative Templates/Windows Components/Internet Explorer/Internet Control Panel/Security Page/Internet Zone"
"ec9a4aff-c76f-4843-9315-912a81f1892a","DESKTOP-120LONF","omnissans.local\philtest1","LighthouseAPJ","Enabled","NonCompliant","User Account Control: Behavior of the elevation prompt for administrators running with enhanced privilege protection","Computer Configuration/Windows Settings/Security Settings/Local Policies/Security Options"
"ec9a4aff-c76f-4843-9315-912a81f1892a","DESKTOP-120LONF","omnissans.local\philtest1","LighthouseAPJ","Enabled","NonCompliant","Allow Administrator account lockout","Computer Configuration/Windows Settings/Security Settings/Account Policies/Account Lockout Policy"
"ec9a4aff-c76f-4843-9315-912a81f1892a","DESKTOP-120LONF","omnissans.local\philtest1","LighthouseAPJ","Enabled","NonCompliant","Account lockout threshold","Computer Configuration/Windows Settings/Security Settings/Account Policies/Account Lockout Policy"
"ec9a4aff-c76f-4843-9315-912a81f1892a","DESKTOP-120LONF","omnissans.local\philtest1","LighthouseAPJ","Enabled","NonCompliant","Account lockout duration","Computer Configuration/Windows Settings/Security Settings/Account Policies/Account Lockout Policy"
"c6ea923b-57bf-4159-9ba4-2aaeb344b2bd","DESKTOP-120LONF","omnissans.local\philtest1","NCEE","Enabled","NonCompliant","User Account Control: Configure type of Admin Approval Mode","Computer Configuration/Windows Settings/Security Settings/Local Policies/Security Options"
"c6ea923b-57bf-4159-9ba4-2aaeb344b2bd","DESKTOP-120LONF","omnissans.local\philtest1","NCEE","Enabled","NonCompliant","User Account Control: Behavior of the elevation prompt for administrators running with enhanced privilege protection","Computer Configuration/Windows Settings/Security Settings/Local Policies/Security Options"
"c6ea923b-57bf-4159-9ba4-2aaeb344b2bd","DESKTOP-120LONF","omnissans.local\philtest1","NCEE","Enabled","NonCompliant","Reset account lockout counter after","Computer Configuration/Windows Settings/Security Settings/Account Policies/Account Lockout Policy"
"c6ea923b-57bf-4159-9ba4-2aaeb344b2bd","DESKTOP-120LONF","omnissans.local\philtest1","NCEE","Enabled","NonCompliant","Allow Administrator account lockout","Computer Configuration/Windows Settings/Security Settings/Account Policies/Account Lockout Policy"
"c6ea923b-57bf-4159-9ba4-2aaeb344b2bd","DESKTOP-120LONF","omnissans.local\philtest1","NCEE","Enabled","NonCompliant","Account lockout threshold","Computer Configuration/Windows Settings/Security Settings/Account Policies/Account Lockout Policy"
"ec9a4aff-c76f-4843-9315-912a81f1892a","DESKTOP-120LONF","omnissans.local\philtest1","LighthouseAPJ","Enabled","NonCompliant","Reset account lockout counter after","Computer Configuration/Windows Settings/Security Settings/Account Policies/Account Lockout Policy"
"056a8277-0729-4975-a1df-fe1cf363c437","DESKTOP-O2445N2","omnissans.local\philtest1","CIS-3M","Enabled","NotAvailable","Access data sources across domains","Computer Configuration/Administrative Templates/Windows Components/Internet Explorer/Internet Control Panel/Security Page/Restricted Sites Zone"
"056a8277-0729-4975-a1df-fe1cf363c437","DESKTOP-O2445N2","omnissans.local\philtest1","CIS-3M","Enabled","NotAvailable","Access this computer from the network","Computer Configuration/Windows Settings/Security Settings/Local Policies/User Rights Assignment"
"056a8277-0729-4975-a1df-fe1cf363c437","DESKTOP-O2445N2","omnissans.local\philtest1","CIS-3M","Enabled","NotAvailable","Account lockout duration","Computer Configuration/Windows Settings/Security Settings/Account Policies/Account Lockout Policy"
"056a8277-0729-4975-a1df-fe1cf363c437","DESKTOP-O2445N2","omnissans.local\philtest1","CIS-3M","Enabled","NotAvailable","Allow loading of XAML files","Computer Configuration/Administrative Templates/Windows Components/Internet Explorer/Internet Control Panel/Security Page/Restricted Sites Zone"
"056a8277-0729-4975-a1df-fe1cf363c437","DESKTOP-O2445N2","omnissans.local\philtest1","CIS-3M","Enabled","NotAvailable","Allow loading of XAML files","Computer Configuration/Administrative Templates/Windows Components/Internet Explorer/Internet Control Panel/Security Page/Internet Zone"
"056a8277-0729-4975-a1df-fe1cf363c437","DESKTOP-O2445N2","omnissans.local\philtest1","CIS-3M","Disabled","NotAvailable","Allow indexing of encrypted files","Computer Configuration/Administrative Templates/Windows Components/Search"
"056a8277-0729-4975-a1df-fe1cf363c437","DESKTOP-O2445N2","omnissans.local\philtest1","CIS-3M","Enabled","NotAvailable","Allow file downloads","Computer Configuration/Administrative Templates/Windows Components/Internet Explorer/Internet Control Panel/Security Page/Restricted Sites Zone"
"056a8277-0729-4975-a1df-fe1cf363c437","DESKTOP-O2445N2","omnissans.local\philtest1","CIS-3M","Enabled","NotAvailable","Allow fallback to SSL 3.0 (Internet Explorer)","Computer Configuration/Administrative Templates/Windows Components/Internet Explorer/Security Features"
"056a8277-0729-4975-a1df-fe1cf363c437","DESKTOP-O2445N2","omnissans.local\philtest1","CIS-3M","Enabled","NotAvailable","Allow enhanced PINs for startup","Computer Configuration/Administrative Templates/Windows Components/BitLocker Drive Encryption/Operating System Drives"
"056a8277-0729-4975-a1df-fe1cf363c437","DESKTOP-O2445N2","omnissans.local\philtest1","CIS-3M","Enabled","NotAvailable","Allow drag and drop or copy and paste files","Computer Configuration/Administrative Templates/Windows Components/Internet Explorer/Internet Control Panel/Security Page/Restricted Sites Zone"
"056a8277-0729-4975-a1df-fe1cf363c437","DESKTOP-O2445N2","omnissans.local\philtest1","CIS-3M","Enabled","NotAvailable","Allow drag and drop or copy and paste files","Computer Configuration/Administrative Templates/Windows Components/Internet Explorer/Internet Control Panel/Security Page/Internet Zone"
"056a8277-0729-4975-a1df-fe1cf363c437","DESKTOP-O2445N2","omnissans.local\philtest1","CIS-3M","Enabled","NotAvailable","Allow cut, copy or paste operations from the clipboard via script","Computer Configuration/Administrative Templates/Windows Components/Internet Explorer/Internet Control Panel/Security Page/Restricted Sites Zone"
"056a8277-0729-4975-a1df-fe1cf363c437","DESKTOP-O2445N2","omnissans.local\philtest1","CIS-3M","Enabled","NotAvailable","Allow cut, copy or paste operations from the clipboard via script","Computer Configuration/Administrative Templates/Windows Components/Internet Explorer/Internet Control Panel/Security Page/Internet Zone"
"056a8277-0729-4975-a1df-fe1cf363c437","DESKTOP-O2445N2","omnissans.local\philtest1","CIS-3M","Disabled","NotAvailable","Allow Custom SSPs and APs to be loaded into LSASS","Computer Configuration/Administrative Templates/System/Local Security Authority"
"056a8277-0729-4975-a1df-fe1cf363c437","DESKTOP-O2445N2","omnissans.local\philtest1","CIS-3M","Enabled","NotAvailable","Allow binary and script behaviors","Computer Configuration/Administrative Templates/Windows Components/Internet Explorer/Internet Control Panel/Security Page/Restricted Sites Zone"
"056a8277-0729-4975-a1df-fe1cf363c437","DESKTOP-O2445N2","omnissans.local\philtest1","CIS-3M","Disabled","NotAvailable","Allow Basic authentication","Computer Configuration/Administrative Templates/Windows Components/Windows Remote Management (WinRM)/WinRM Service"
"056a8277-0729-4975-a1df-fe1cf363c437","DESKTOP-O2445N2","omnissans.local\philtest1","CIS-3M","Disabled","NotAvailable","Allow Basic authentication","Computer Configuration/Administrative Templates/Windows Components/Windows Remote Management (WinRM)/WinRM Client"
"056a8277-0729-4975-a1df-fe1cf363c437","DESKTOP-O2445N2","omnissans.local\philtest1","CIS-3M","Enabled","NotAvailable","Allow Administrator account lockout","Computer Configuration/Windows Settings/Security Settings/Account Policies/Account Lockout Policy"
"056a8277-0729-4975-a1df-fe1cf363c437","DESKTOP-O2445N2","omnissans.local\philtest1","CIS-3M","Enabled","NotAvailable","Allow active scripting","Computer Configuration/Administrative Templates/Windows Components/Internet Explorer/Internet Control Panel/Security Page/Restricted Sites Zone"
"056a8277-0729-4975-a1df-fe1cf363c437","DESKTOP-O2445N2","omnissans.local\philtest1","CIS-3M","Enabled","NotAvailable","Act as part of the operating system","Computer Configuration/Windows Settings/Security Settings/Local Policies/User Rights Assignment"
"056a8277-0729-4975-a1df-fe1cf363c437","DESKTOP-O2445N2","omnissans.local\philtest1","CIS-3M","Enabled","NotAvailable","Accounts: Limit local account use of blank passwords to console logon only","Computer Configuration/Windows Settings/Security Settings/Local Policies/Security Options"
"056a8277-0729-4975-a1df-fe1cf363c437","DESKTOP-O2445N2","omnissans.local\philtest1","CIS-3M","Enabled","NotAvailable","Account lockout threshold","Computer Configuration/Windows Settings/Security Settings/Account Policies/Account Lockout Policy"
"056a8277-0729-4975-a1df-fe1cf363c437","DESKTOP-O2445N2","omnissans.local\philtest1","CIS-3M","Enabled","NotAvailable","Allow META REFRESH","Computer Configuration/Administrative Templates/Windows Components/Internet Explorer/Internet Control Panel/Security Page/Restricted Sites Zone"
"056a8277-0729-4975-a1df-fe1cf363c437","DESKTOP-O2445N2","omnissans.local\philtest1","CIS-3M","Enabled","NotAvailable","Audit Process Creation","Computer Configuration/Windows Settings/Security Settings/Advanced Audit Policy Configuration/System Audit Policies - Local Group Policy Object/Detailed Tracking"
"056a8277-0729-4975-a1df-fe1cf363c437","DESKTOP-O2445N2","omnissans.local\philtest1","CIS-3M","Enabled","NotAvailable","Audit Removable Storage","Computer Configuration/Windows Settings/Security Settings/Advanced Audit Policy Configuration/System Audit Policies - Local Group Policy Object/Object Access"
"056a8277-0729-4975-a1df-fe1cf363c437","DESKTOP-O2445N2","omnissans.local\philtest1","CIS-3M","Enabled","NotAvailable","Audit Security Group Management","Computer Configuration/Windows Settings/Security Settings/Advanced Audit Policy Configuration/System Audit Policies - Local Group Policy Object/Account Management"
"056a8277-0729-4975-a1df-fe1cf363c437","DESKTOP-O2445N2","omnissans.local\philtest1","CIS-3M","Enabled","NotAvailable","Domain member: Digitally encrypt secure channel data (when possible)","Computer Configuration/Windows Settings/Security Settings/Local Policies/Security Options"
"056a8277-0729-4975-a1df-fe1cf363c437","DESKTOP-O2445N2","omnissans.local\philtest1","CIS-3M","Enabled","NotAvailable","Domain member: Digitally encrypt or sign secure channel data (always)","Computer Configuration/Windows Settings/Security Settings/Local Policies/Security Options"
"056a8277-0729-4975-a1df-fe1cf363c437","DESKTOP-O2445N2","omnissans.local\philtest1","CIS-3M","Enabled","NotAvailable","Do not suggest third-party content in Windows spotlight","User Configuration/Administrative Templates/Windows Components/Cloud Content"
"056a8277-0729-4975-a1df-fe1cf363c437","DESKTOP-O2445N2","omnissans.local\philtest1","CIS-3M","Disabled","NotAvailable","Do not apply the Mark of the Web tag to files copied from insecure sources","Computer Configuration/Administrative Templates/Windows Components/File Explorer"
"056a8277-0729-4975-a1df-fe1cf363c437","DESKTOP-O2445N2","omnissans.local\philtest1","CIS-3M","Enabled","NotAvailable","Do not allow passwords to be saved","Computer Configuration/Administrative Templates/Windows Components/Remote Desktop Services/Remote Desktop Connection Client"
"056a8277-0729-4975-a1df-fe1cf363c437","DESKTOP-O2445N2","omnissans.local\philtest1","CIS-3M","Enabled","NotAvailable","Do not allow drive redirection","Computer Configuration/Administrative Templates/Windows Components/Remote Desktop Services/Remote Desktop Session Host/Device and Resource Redirection"
"056a8277-0729-4975-a1df-fe1cf363c437","DESKTOP-O2445N2","omnissans.local\philtest1","CIS-3M","Enabled","NotAvailable","Do not allow ActiveX controls to run in Protected Mode when Enhanced Protected Mode is enabled","Computer Configuration/Administrative Templates/Windows Components/Internet Explorer/Internet Control Panel/Advanced Page"
"056a8277-0729-4975-a1df-fe1cf363c437","DESKTOP-O2445N2","omnissans.local\philtest1","CIS-3M","Enabled","NotAvailable","Disallow WinRM from storing RunAs credentials","Computer Configuration/Administrative Templates/Windows Components/Windows Remote Management (WinRM)/WinRM Service"
"056a8277-0729-4975-a1df-fe1cf363c437","DESKTOP-O2445N2","omnissans.local\philtest1","CIS-3M","Enabled","NotAvailable","Domain member: Digitally sign secure channel data (when possible)","Computer Configuration/Windows Settings/Security Settings/Local Policies/Security Options"
"056a8277-0729-4975-a1df-fe1cf363c437","DESKTOP-O2445N2","omnissans.local\philtest1","CIS-3M","Enabled","NotAvailable","Disallow Digest authentication","Computer Configuration/Administrative Templates/Windows Components/Windows Remote Management (WinRM)/WinRM Client"
"056a8277-0729-4975-a1df-fe1cf363c437","DESKTOP-O2445N2","omnissans.local\philtest1","CIS-3M","Enabled","NotAvailable","Disable new DMA devices when this computer is locked","Computer Configuration/Administrative Templates/Windows Components/BitLocker Drive Encryption"
"056a8277-0729-4975-a1df-fe1cf363c437","DESKTOP-O2445N2","omnissans.local\philtest1","CIS-3M","Enabled","NotAvailable","Disable Internet Explorer 11 Launch Via COM Automation","Computer Configuration/Administrative Templates/Windows Components/Internet Explorer"
"056a8277-0729-4975-a1df-fe1cf363c437","DESKTOP-O2445N2","omnissans.local\philtest1","CIS-3M","Enabled","NotAvailable","Deny write access to removable drives not protected by BitLocker","Computer Configuration/Administrative Templates/Windows Components/BitLocker Drive Encryption/Removable Data Drives"
"056a8277-0729-4975-a1df-fe1cf363c437","DESKTOP-O2445N2","omnissans.local\philtest1","CIS-3M","Enabled","NotAvailable","Deny log on through Remote Desktop Services","Computer Configuration/Windows Settings/Security Settings/Local Policies/User Rights Assignment"
"056a8277-0729-4975-a1df-fe1cf363c437","DESKTOP-O2445N2","omnissans.local\philtest1","CIS-3M","Enabled","NotAvailable","Deny access to this computer from the network","Computer Configuration/Windows Settings/Security Settings/Local Policies/User Rights Assignment"
"056a8277-0729-4975-a1df-fe1cf363c437","DESKTOP-O2445N2","omnissans.local\philtest1","CIS-3M","Enabled","NotAvailable","Debug programs","Computer Configuration/Windows Settings/Security Settings/Local Policies/User Rights Assignment"
"056a8277-0729-4975-a1df-fe1cf363c437","DESKTOP-O2445N2","omnissans.local\philtest1","CIS-3M","Enabled","NotAvailable","Create permanent shared objects","Computer Configuration/Windows Settings/Security Settings/Local Policies/User Rights Assignment"
"056a8277-0729-4975-a1df-fe1cf363c437","DESKTOP-O2445N2","omnissans.local\philtest1","CIS-3M","Enabled","NotAvailable","Create global objects","Computer Configuration/Windows Settings/Security Settings/Local Policies/User Rights Assignment"
"056a8277-0729-4975-a1df-fe1cf363c437","DESKTOP-O2445N2","omnissans.local\philtest1","CIS-3M","Enabled","NotAvailable","Disallow Autoplay for non-volume devices","Computer Configuration/Administrative Templates/Windows Components/AutoPlay Policies"
"056a8277-0729-4975-a1df-fe1cf363c437","DESKTOP-O2445N2","omnissans.local\philtest1","CIS-3M","Disabled","NotAvailable","Domain member: Disable machine account password changes","Computer Configuration/Windows Settings/Security Settings/Local Policies/Security Options"
"056a8277-0729-4975-a1df-fe1cf363c437","DESKTOP-O2445N2","omnissans.local\philtest1","CIS-3M","Enabled","NotAvailable","Domain member: Require strong (Windows 2000 or later) session key","Computer Configuration/Windows Settings/Security Settings/Local Policies/Security Options"
"056a8277-0729-4975-a1df-fe1cf363c437","DESKTOP-O2445N2","omnissans.local\philtest1","CIS-3M","Enabled","NotAvailable","Don't run antimalware programs against ActiveX controls","Computer Configuration/Administrative Templates/Windows Components/Internet Explorer/Internet Control Panel/Security Page/Internet Zone"
"056a8277-0729-4975-a1df-fe1cf363c437","DESKTOP-O2445N2","omnissans.local\philtest1","CIS-3M","Disabled","NotAvailable","Enable remote mailslots","Computer Configuration/Administrative Templates/Network/Lanman Server"
"056a8277-0729-4975-a1df-fe1cf363c437","DESKTOP-O2445N2","omnissans.local\philtest1","CIS-3M","Enabled","NotAvailable","Enable password encryption","Computer Configuration/Administrative Templates/System/LAPS"
"056a8277-0729-4975-a1df-fe1cf363c437","DESKTOP-O2445N2","omnissans.local\philtest1","CIS-3M","Enabled","NotAvailable","Enable password backup for DSRM accounts","Computer Configuration/Administrative Templates/System/LAPS"
"056a8277-0729-4975-a1df-fe1cf363c437","DESKTOP-O2445N2","omnissans.local\philtest1","CIS-3M","Disabled","NotAvailable","Enable insecure guest logons","Computer Configuration/Administrative Templates/Network/Lanman Workstation"
"056a8277-0729-4975-a1df-fe1cf363c437","DESKTOP-O2445N2","omnissans.local\philtest1","CIS-3M","Enabled","NotAvailable","Enable EDR in block mode","Computer Configuration/Administrative Templates/Windows Components/Microsoft Defender Antivirus/Features"
"056a8277-0729-4975-a1df-fe1cf363c437","DESKTOP-O2445N2","omnissans.local\philtest1","CIS-3M","Enabled","NotAvailable","Enable dragging of content from different domains within a window","Computer Configuration/Administrative Templates/Windows Components/Internet Explorer/Internet Control Panel/Security Page/Restricted Sites Zone"
"056a8277-0729-4975-a1df-fe1cf363c437","DESKTOP-O2445N2","omnissans.local\philtest1","CIS-3M","Enabled","NotAvailable","Enable dragging of content from different domains within a window","Computer Configuration/Administrative Templates/Windows Components/Internet Explorer/Internet Control Panel/Security Page/Internet Zone"
"056a8277-0729-4975-a1df-fe1cf363c437","DESKTOP-O2445N2","omnissans.local\philtest1","CIS-3M","Enabled","NotAvailable","Enable dragging of content from different domains across windows","Computer Configuration/Administrative Templates/Windows Components/Internet Explorer/Internet Control Panel/Security Page/Restricted Sites Zone"
"056a8277-0729-4975-a1df-fe1cf363c437","DESKTOP-O2445N2","omnissans.local\philtest1","CIS-3M","Enabled","NotAvailable","Enable dragging of content from different domains across windows","Computer Configuration/Administrative Templates/Windows Components/Internet Explorer/Internet Control Panel/Security Page/Internet Zone"
"056a8277-0729-4975-a1df-fe1cf363c437","DESKTOP-O2445N2","omnissans.local\philtest1","CIS-3M","Enabled","NotAvailable","Enable computer and user accounts to be trusted for delegation","Computer Configuration/Windows Settings/Security Settings/Local Policies/User Rights Assignment"
"056a8277-0729-4975-a1df-fe1cf363c437","DESKTOP-O2445N2","omnissans.local\philtest1","CIS-3M","Enabled","NotAvailable","Enable authentication rate limiter","Computer Configuration/Administrative Templates/Network/Lanman Server"
"056a8277-0729-4975-a1df-fe1cf363c437","DESKTOP-O2445N2","omnissans.local\philtest1","CIS-3M","Enabled","NotAvailable","Download unsigned ActiveX controls","Computer Configuration/Administrative Templates/Windows Components/Internet Explorer/Internet Control Panel/Security Page/Restricted Sites Zone"
"056a8277-0729-4975-a1df-fe1cf363c437","DESKTOP-O2445N2","omnissans.local\philtest1","CIS-3M","Enabled","NotAvailable","Download unsigned ActiveX controls","Computer Configuration/Administrative Templates/Windows Components/Internet Explorer/Internet Control Panel/Security Page/Internet Zone"
"056a8277-0729-4975-a1df-fe1cf363c437","DESKTOP-O2445N2","omnissans.local\philtest1","CIS-3M","Enabled","NotAvailable","Download signed ActiveX controls","Computer Configuration/Administrative Templates/Windows Components/Internet Explorer/Internet Control Panel/Security Page/Restricted Sites Zone"
"056a8277-0729-4975-a1df-fe1cf363c437","DESKTOP-O2445N2","omnissans.local\philtest1","CIS-3M","Enabled","NotAvailable","Download signed ActiveX controls","Computer Configuration/Administrative Templates/Windows Components/Internet Explorer/Internet Control Panel/Security Page/Internet Zone"
"056a8277-0729-4975-a1df-fe1cf363c437","DESKTOP-O2445N2","omnissans.local\philtest1","CIS-3M","Enabled","NotAvailable","Don't run antimalware programs against ActiveX controls","Computer Configuration/Administrative Templates/Windows Components/Internet Explorer/Internet Control Panel/Security Page/Trusted Sites Zone"
"056a8277-0729-4975-a1df-fe1cf363c437","DESKTOP-O2445N2","omnissans.local\philtest1","CIS-3M","Enabled","NotAvailable","Don't run antimalware programs against ActiveX controls","Computer Configuration/Administrative Templates/Windows Components/Internet Explorer/Internet Control Panel/Security Page/Restricted Sites Zone"
"056a8277-0729-4975-a1df-fe1cf363c437","DESKTOP-O2445N2","omnissans.local\philtest1","CIS-3M","Enabled","NotAvailable","Don't run antimalware programs against ActiveX controls","Computer Configuration/Administrative Templates/Windows Components/Internet Explorer/Internet Control Panel/Security Page/Local Machine Zone"
"056a8277-0729-4975-a1df-fe1cf363c437","DESKTOP-O2445N2","omnissans.local\philtest1","CIS-3M","Enabled","NotAvailable","Don't run antimalware programs against ActiveX controls","Computer Configuration/Administrative Templates/Windows Components/Internet Explorer/Internet Control Panel/Security Page/Intranet Zone"
"056a8277-0729-4975-a1df-fe1cf363c437","DESKTOP-O2445N2","omnissans.local\philtest1","CIS-3M","Enabled","NotAvailable","Create a token object","Computer Configuration/Windows Settings/Security Settings/Local Policies/User Rights Assignment"
"056a8277-0729-4975-a1df-fe1cf363c437","DESKTOP-O2445N2","omnissans.local\philtest1","CIS-3M","Enabled","NotAvailable","Create a pagefile","Computer Configuration/Windows Settings/Security Settings/Local Policies/User Rights Assignment"
"056a8277-0729-4975-a1df-fe1cf363c437","DESKTOP-O2445N2","omnissans.local\philtest1","CIS-3M","Enabled","NotAvailable","Convert warn verdict to block","Computer Configuration/Administrative Templates/Windows Components/Microsoft Defender Antivirus/Network Inspection System"
"056a8277-0729-4975-a1df-fe1cf363c437","DESKTOP-O2445N2","omnissans.local\philtest1","CIS-3M","Enabled","NotAvailable","Control whether or not exclusions are visible to Local Admins","Computer Configuration/Administrative Templates/Windows Components/Microsoft Defender Antivirus"
"056a8277-0729-4975-a1df-fe1cf363c437","DESKTOP-O2445N2","omnissans.local\philtest1","CIS-3M","Enabled","NotAvailable","Configure extended cloud check","Computer Configuration/Administrative Templates/Windows Components/Microsoft Defender Antivirus/MpEngine"
"056a8277-0729-4975-a1df-fe1cf363c437","DESKTOP-O2445N2","omnissans.local\philtest1","CIS-3M","Enabled","NotAvailable","Configure enhanced anti-spoofing","Computer Configuration/Administrative Templates/Windows Components/Biometrics/Facial Features"
"056a8277-0729-4975-a1df-fe1cf363c437","DESKTOP-O2445N2","omnissans.local\philtest1","CIS-3M","Enabled","NotAvailable","Configure detection for potentially unwanted applications","Computer Configuration/Administrative Templates/Windows Components/Microsoft Defender Antivirus"
"056a8277-0729-4975-a1df-fe1cf363c437","DESKTOP-O2445N2","omnissans.local\philtest1","CIS-3M","Enabled","NotAvailable","Configure Attack Surface Reduction rules","Computer Configuration/Administrative Templates/Windows Components/Microsoft Defender Antivirus/Microsoft Defender Exploit Guard/Attack Surface Reduction"
"056a8277-0729-4975-a1df-fe1cf363c437","DESKTOP-O2445N2","omnissans.local\philtest1","CIS-3M","Enabled","NotAvailable","Check for signatures on downloaded programs","Computer Configuration/Administrative Templates/Windows Components/Internet Explorer/Internet Control Panel/Advanced Page"
"056a8277-0729-4975-a1df-fe1cf363c437","DESKTOP-O2445N2","omnissans.local\philtest1","CIS-3M","Enabled","NotAvailable","Check for server certificate revocation","Computer Configuration/Administrative Templates/Windows Components/Internet Explorer/Internet Control Panel/Advanced Page"
"056a8277-0729-4975-a1df-fe1cf363c437","DESKTOP-O2445N2","omnissans.local\philtest1","CIS-3M","Enabled","NotAvailable","Boot-Start Driver Initialization Policy","Computer Configuration/Administrative Templates/System/Early Launch Antimalware"
"056a8277-0729-4975-a1df-fe1cf363c437","DESKTOP-O2445N2","omnissans.local\philtest1","CIS-3M","Enabled","NotAvailable","Back up files and directories","Computer Configuration/Windows Settings/Security Settings/Local Policies/User Rights Assignment"
"056a8277-0729-4975-a1df-fe1cf363c437","DESKTOP-O2445N2","omnissans.local\philtest1","CIS-3M","Enabled","NotAvailable","Automatic prompting for file downloads","Computer Configuration/Administrative Templates/Windows Components/Internet Explorer/Internet Control Panel/Security Page/Restricted Sites Zone"
"056a8277-0729-4975-a1df-fe1cf363c437","DESKTOP-O2445N2","omnissans.local\philtest1","CIS-3M","Enabled","NotAvailable","Automatic prompting for file downloads","Computer Configuration/Administrative Templates/Windows Components/Internet Explorer/Internet Control Panel/Security Page/Internet Zone"
"056a8277-0729-4975-a1df-fe1cf363c437","DESKTOP-O2445N2","omnissans.local\philtest1","CIS-3M","Enabled","NotAvailable","Audit: Force audit policy subcategory settings (Windows Vista or later) to override audit policy category settings","Computer Configuration/Windows Settings/Security Settings/Local Policies/Security Options"
"056a8277-0729-4975-a1df-fe1cf363c437","DESKTOP-O2445N2","omnissans.local\philtest1","CIS-3M","Enabled","NotAvailable","Audit User Account Management","Computer Configuration/Windows Settings/Security Settings/Advanced Audit Policy Configuration/System Audit Policies - Local Group Policy Object/Account Management"
"056a8277-0729-4975-a1df-fe1cf363c437","DESKTOP-O2445N2","omnissans.local\philtest1","CIS-3M","Enabled","NotAvailable","Audit System Integrity","Computer Configuration/Windows Settings/Security Settings/Advanced Audit Policy Configuration/System Audit Policies - Local Group Policy Object/System"
"056a8277-0729-4975-a1df-fe1cf363c437","DESKTOP-O2445N2","omnissans.local\philtest1","CIS-3M","Enabled","NotAvailable","Audit Special Logon","Computer Configuration/Windows Settings/Security Settings/Advanced Audit Policy Configuration/System Audit Policies - Local Group Policy Object/Logon/Logoff"
"056a8277-0729-4975-a1df-fe1cf363c437","DESKTOP-O2445N2","omnissans.local\philtest1","CIS-3M","Enabled","NotAvailable","Audit server does not support signing","Computer Configuration/Administrative Templates/Network/Lanman Workstation"
"056a8277-0729-4975-a1df-fe1cf363c437","DESKTOP-O2445N2","omnissans.local\philtest1","CIS-3M","Enabled","NotAvailable","Audit server does not support encryption","Computer Configuration/Administrative Templates/Network/Lanman Workstation"
"056a8277-0729-4975-a1df-fe1cf363c437","DESKTOP-O2445N2","omnissans.local\philtest1","CIS-3M","Enabled","NotAvailable","Audit Sensitive Privilege Use","Computer Configuration/Windows Settings/Security Settings/Advanced Audit Policy Configuration/System Audit Policies - Local Group Policy Object/Privilege Use"
"056a8277-0729-4975-a1df-fe1cf363c437","DESKTOP-O2445N2","omnissans.local\philtest1","CIS-3M","Enabled","NotAvailable","Audit Security System Extension","Computer Configuration/Windows Settings/Security Settings/Advanced Audit Policy Configuration/System Audit Policies - Local Group Policy Object/System"
"056a8277-0729-4975-a1df-fe1cf363c437","DESKTOP-O2445N2","omnissans.local\philtest1","CIS-3M","Enabled","NotAvailable","Audit Security State Change","Computer Configuration/Windows Settings/Security Settings/Advanced Audit Policy Configuration/System Audit Policies - Local Group Policy Object/System"
"056a8277-0729-4975-a1df-fe1cf363c437","DESKTOP-O2445N2","omnissans.local\philtest1","CIS-3M","Enabled","NotAvailable","Configure hash algorithms for certificate logon","Computer Configuration/Administrative Templates/System/KDC"
"056a8277-0729-4975-a1df-fe1cf363c437","DESKTOP-O2445N2","omnissans.local\philtest1","CIS-3M","Enabled","NotAvailable","Enable Structured Exception Handling Overwrite Protection (SEHOP)","Computer Configuration/Administrative Templates/MS Security Guide"
"056a8277-0729-4975-a1df-fe1cf363c437","DESKTOP-O2445N2","omnissans.local\philtest1","CIS-3M","Enabled","NotAvailable","Configure hash algorithms for certificate logon","Computer Configuration/Administrative Templates/System/Kerberos"
"056a8277-0729-4975-a1df-fe1cf363c437","DESKTOP-O2445N2","omnissans.local\philtest1","CIS-3M","Enabled","NotAvailable","Configure monitoring for incoming and outgoing file and program activity","Computer Configuration/Administrative Templates/Windows Components/Microsoft Defender Antivirus/Real-time Protection"
"056a8277-0729-4975-a1df-fe1cf363c437","DESKTOP-O2445N2","omnissans.local\philtest1","CIS-3M","Enabled","NotAvailable","Configures LSASS to run as a protected process","Computer Configuration/Administrative Templates/System/Local Security Authority"
"056a8277-0729-4975-a1df-fe1cf363c437","DESKTOP-O2445N2","omnissans.local\philtest1","CIS-3M","Enabled","NotAvailable","Configure Windows Defender SmartScreen","Computer Configuration/Administrative Templates/Windows Components/Windows Defender SmartScreen/Explorer"
"056a8277-0729-4975-a1df-fe1cf363c437","DESKTOP-O2445N2","omnissans.local\philtest1","CIS-3M","Enabled","NotAvailable","Configure Windows Defender SmartScreen","Computer Configuration/Administrative Templates/Windows Components/File Explorer"
"056a8277-0729-4975-a1df-fe1cf363c437","DESKTOP-O2445N2","omnissans.local\philtest1","CIS-3M","Enabled","NotAvailable","Configure whether to report Dynamic Signature dropped events","Computer Configuration/Administrative Templates/Windows Components/Microsoft Defender Antivirus/Reporting"
"056a8277-0729-4975-a1df-fe1cf363c437","DESKTOP-O2445N2","omnissans.local\philtest1","CIS-3M","Disabled","NotAvailable","Configure the transmission of the user's password in the content of MPR notifications sent by winlogon.","Computer Configuration/Administrative Templates/Windows Components/Windows Logon Options"
"056a8277-0729-4975-a1df-fe1cf363c437","DESKTOP-O2445N2","omnissans.local\philtest1","CIS-3M","Enabled","NotAvailable","Configure the 'Block at First Sight' feature","Computer Configuration/Administrative Templates/Windows Components/Microsoft Defender Antivirus/MAPS"
"056a8277-0729-4975-a1df-fe1cf363c437","DESKTOP-O2445N2","omnissans.local\philtest1","CIS-3M","Enabled","NotAvailable","Configure the behavior of the sudo command","Computer Configuration/Administrative Templates/System"
"056a8277-0729-4975-a1df-fe1cf363c437","DESKTOP-O2445N2","omnissans.local\philtest1","CIS-3M","Disabled","NotAvailable","Configure Solicited Remote Assistance","Computer Configuration/Administrative Templates/System/Remote Assistance"
"056a8277-0729-4975-a1df-fe1cf363c437","DESKTOP-O2445N2","omnissans.local\philtest1","CIS-3M","Disabled","NotAvailable","Configure SMB v1 server","Computer Configuration/Administrative Templates/MS Security Guide"
"056a8277-0729-4975-a1df-fe1cf363c437","DESKTOP-O2445N2","omnissans.local\philtest1","CIS-3M","Enabled","NotAvailable","Configure SMB v1 client driver","Computer Configuration/Administrative Templates/MS Security Guide"
"056a8277-0729-4975-a1df-fe1cf363c437","DESKTOP-O2445N2","omnissans.local\philtest1","CIS-3M","Enabled","NotAvailable","Configure RPC packet level privacy setting for incoming connections","Computer Configuration/Administrative Templates/Printers"
"056a8277-0729-4975-a1df-fe1cf363c437","DESKTOP-O2445N2","omnissans.local\philtest1","CIS-3M","Enabled","NotAvailable","Configure RPC packet level privacy setting for incoming connections","Computer Configuration/Administrative Templates/MS Security Guide"
"056a8277-0729-4975-a1df-fe1cf363c437","DESKTOP-O2445N2","omnissans.local\philtest1","CIS-3M","Enabled","NotAvailable","Configure RPC over TCP port","Computer Configuration/Administrative Templates/Printers"
"056a8277-0729-4975-a1df-fe1cf363c437","DESKTOP-O2445N2","omnissans.local\philtest1","CIS-3M","Enabled","NotAvailable","Configure RPC listener settings","Computer Configuration/Administrative Templates/Printers"
"056a8277-0729-4975-a1df-fe1cf363c437","DESKTOP-O2445N2","omnissans.local\philtest1","CIS-3M","Enabled","NotAvailable","Configure RPC connection settings","Computer Configuration/Administrative Templates/Printers"
"056a8277-0729-4975-a1df-fe1cf363c437","DESKTOP-O2445N2","omnissans.local\philtest1","CIS-3M","Enabled","NotAvailable","Configure Redirection Guard","Computer Configuration/Administrative Templates/Printers"
"056a8277-0729-4975-a1df-fe1cf363c437","DESKTOP-O2445N2","omnissans.local\philtest1","CIS-3M","Enabled","NotAvailable","Configure real-time protection and Security Intelligence Updates during OOBE","Computer Configuration/Administrative Templates/Windows Components/Microsoft Defender Antivirus/Real-time Protection"
"056a8277-0729-4975-a1df-fe1cf363c437","DESKTOP-O2445N2","omnissans.local\philtest1","CIS-3M","Enabled","NotAvailable","Configure password backup directory","Computer Configuration/Administrative Templates/System/LAPS"
"056a8277-0729-4975-a1df-fe1cf363c437","DESKTOP-O2445N2","omnissans.local\philtest1","CIS-3M","Enabled","NotAvailable","Configure NetBIOS settings","Computer Configuration/Administrative Templates/Network/DNS Client"
"056a8277-0729-4975-a1df-fe1cf363c437","DESKTOP-O2445N2","omnissans.local\philtest1","CIS-3M","Disabled","NotAvailable","Configure local administrator merge behavior for lists","Computer Configuration/Administrative Templates/Windows Components/Microsoft Defender Antivirus"
"056a8277-0729-4975-a1df-fe1cf363c437","DESKTOP-O2445N2","omnissans.local\philtest1","CIS-3M","Enabled","NotAvailable","Xbox Live Networking Service (XboxNetApiSvc)","Computer Configuration/Windows Settings/Security Settings/System Services"
